Accession,Avg Ratio,parent sequence
Q9NQX7,4.273086163,MVVLLMGLVFASVYIYRYF
O60512,3.216195136,CTLALLVGSQLAVMMYLSL
Q86X52,3.206302333,AWLSVLLGLVLGFVLASRL
P04233,3.038113795,ALYTGFSILVTLLLAGQAT
Q9P2E5,2.92110675,ALPLILGLSLGCSLSLLRV
P32970,2.425460127,LRAALVPLVAGLVICLVVC
P33908,2.380445532,LLLVFSAFITLCFGAIFFL
Q9UKM7,2.35933992,ILFLLAFLLFCGLLFYINL
Q11201,2.271445322,TLKVLTFLVLFIFLTSFFL
Q8N2K0,2.26062796,LRKILFCVLGLYIAIPFLI
Q8NBJ4,2.229034326,LVLAALVACIIVLGFNYWI
Q9Y287,1.981388057,AWCWCMCFGLAFMLAGVIL
Q16706,1.736896959,TVFGSAIFCVVIFSLYLML
O94905,1.70246152,LGAVVAVASSFFCASLFSA
Q9P273,1.64021554,ALCAVGVSVLLAILLSYFI
O60476,1.636975605,FILLLILSAFITLCFGAFF
Q9NUM4,1.597916202,MASVFVCLLLSGLAVFFLF
Q9BY50,1.55026876,LYYQVLNFAMIVSSALMIW
Q13724,1.53197445,TAGGVALAVVVLSLALGMS
Q07065,1.516090614,FLFYLALVAAAAFSGWCVH
P26572,1.45674919,LVLWGAILFVAWNALLLLF
Q10472,1.418057898,VLATSLIWVLLDMFLLLYF
Q14435,1.388278872,FWKLGAVIFFFIIVLVLMQ
P61009,1.379669108,LFAFSLSVMAALTFGCFIT
P67812,1.355108082,LYYQVLNFGMIVSSALMIW
P42892,1.327224124,LVVLVVLLAAGLVACLAAL
Q7LGA3,1.284701344,KLQLLAVVAFAVAMLFLEN
O94766,1.245156385,NVFLAYFLVSIAGLLYALV
P02786,1.225411507,YGTIAVIVFFLIGFMIGYL
P15291,1.182301227,RLLVAVCALHLGVTLVYYL
Q9UIQ6,1.147540071,VCAFVIVVAVSVIMVIYLL
O00461,1.107245934,TLLLLTVVFGFLYGAMLYY
Q9NZ08,1.106627197,WSLATMSFLLSSLLALLTV
Q9Y5Y6,1.102270887,LAAVLIGLLLVLLGIGFLV
Q86SF2,1.051154653,FILRSLLVVGSFLGLVVLW
Q6PIU2,1.041436496,SSCVLLTALVALAAYYVYI
Q6P4E1,1.030142413,SLVLVVLLVVIVVLAFNYW
Q6IAN0,1.02431584,AILPLLFGCLGVFGLFRLL
Q9HDC9,1.008453301,RVFRVTFLMLAVSLTVPLL
P54709,1.007632074,WGLILLFYLVFYGFLAALF
Q10469,1.002424068,RKVLILTLVVAACGFVLWS
Q8NF37,0.983574166,VRLLVAAAMMLLAWPLALV
Q96AG4,0.962317227,LKLLLLLLLFGVAGGLVAC
Q9NX62,0.933293128,PLGVAVFCLLGLGVLYHLY
O60704,0.923861651,RRVLLAAGCALVLVLAVQL
P42167,0.913670376,VWIKILLFVVVAVFLFLVY
P08473,0.912619762,VLVLLLTIIAVTMIALYAT
P21964,0.889006148,LLAAVLLGLVLLVVLLLLL
Q10589,0.881728656,LLLGIGILVLLIIVILGVP
Q86VU5,0.874267492,ALALGSAALGAAFATGLFL
Q8IV08,0.846518093,ARWVLLVLILAVVGFGALM
Q9BXN2,0.844531959,WRLIAVILGILCLVILVIA
Q10471,0.83799313,RMLLCFAFLWVLGIAYYMY
Q8TC12,0.832253605,LMFPLLLLLLPFLLYMAAP
P07099,0.826643357,MWLEILLTSVLGFAIYWFI
Q9Y673,0.795529823,AALAAAALVLISIVAFTTA
Q9BT22,0.748500136,AASCLVLLALCLLLPLLLL
P08195,0.705463986,RTRWALLLLFWLGWLGMLA
Q68CQ7,0.586132402,RKVNIIILVLAVALFLLVL