Accession,Description,Norm Avg Ratio
Q9BRK5,45 kDa calcium-binding protein,5.741850071
Q9NQX7,"Integral membrane protein 2C, BRI3",5.601809102
P14210,Hepatocyte growth factor,5.464830243
P98172,Ephrin-B1,4.294347437
Q8WZ42,Titin,4.259297895
P48444,Coatomer subunit delta,4.23219483
Q9Y5L4,Mitochondrial import inner membrane translocase subunit Tim13,4.124486861
P22794,Protein EVI2A,4.070043863
O94779,Contactin-5,3.958600191
Q5VV67,Peroxisome proliferator-activated receptor gamma coactivator-related protein 1,3.955590472
P04233,"HLA class II histocompatibility antigen gamma chain, CD74",3.652203408
Q16720,Plasma membrane calcium-transporting ATPase 3,3.456214922
Q6UWB1,Interleukin-27 receptor subunit alpha,3.325690302
Q9HC07,Transmembrane protein 165,3.25674945
Q9HBR0,Putative sodium-coupled neutral amino acid transporter 10,3.142829438
Q86X52,Chondroitin sulfate synthase 1,3.088474586
Q9Y3L5,Ras-related protein Rap-2c,2.747758131
Q9GZU1,"Mucolipin-1, TRPML1 TRP channel, cause of severe developmental disorder ",2.723140115
Q8IZA0,Dyslexia-associated protein KIAA0319-like protein,2.721555012
P01591,Immunoglobulin J chain,2.646649005
P18084,Integrin beta-5,2.637047326
Q13217,DnaJ homolog subfamily C member 3  p58,2.629294109
P06756,Integrin alpha-V,2.584902847
Q6ZQN7,Solute carrier organic anion transporter family member 4C1,2.582095585
Q9NQS3,Poliovirus receptor-related protein 3,2.510811366
Q9Y5K8,V-type proton ATPase subunit D,2.496458748
P52333,Tyrosine-protein kinase JAK3,2.479210046
Q8WTV0,"Scavenger receptor class B member 1, CD36, HCV receptor",2.478300479
Q8NBJ4,Golgi membrane protein 1,2.470486564
Q07812,Apoptosis regulator BAX,2.446194665
P20036,"HLA class II histocompatibility antigen, DP alpha 1 chain",2.421200876
O95297,Myelin protein zero-like protein 1,2.400660559
P32970,CD70 antigen TNF family,2.357923025
P78310,Coxsackievirus and adenovirus receptor ESSENTIAL!,2.355366585
Q96AQ6,Pre-B-cell leukemia transcription factor-interacting protein 1,2.348682442
P54756,Ephrin type-A receptor 5,2.330982695
Q9UKQ2,Disintegrin and metalloproteinase domain-containing protein 28,2.327671756
Q9UKM7,"Endoplasmic reticulum mannosyl-oligosaccharide 1,2-alpha-mannosidase",2.326036801
Q8N2K0,Monoacylglycerol lipase ABHD12,2.303137605
P52799,Ephrin-B2,2.301336439
Q13641,Trophoblast glycoprotein,2.300711966
Q86YV0,RAS protein activator like-3,2.299792181
P01920,"HLA class II histocompatibility antigen, DQ beta 1 chain",2.209725498
P04440,"HLA class II histocompatibility antigen, DP beta 1 chain",2.163752157
P33908,"Mannosyl-oligosaccharide 1,2-alpha-mannosidase IA",2.136640689
Q12860,Contactin-1,2.131045166
O96005,Cleft lip and palate transmembrane protein 1,2.10730642
Q6ZRP7,Sulfhydryl oxidase 2,2.100480627
P27701,CD82 antigen,2.071003599
Q8NBJ9,SID1 transmembrane family member 2,2.06729528
P42892,Endothelin-converting enzyme 1,2.063803973
P49768,Presenilin-1,2.045722107
P09326,CD48 antigen,2.02763548
Q9H1E5,Thioredoxin-related transmembrane protein 4,2.015717597
Q9BTT6,Leucine-rich repeat-containing protein 1,1.989355986
P54764,Ephrin type-A receptor 4,1.958505735
P31785,Cytokine receptor common subunit gamma,1.931094175
Q9Y282,Endoplasmic reticulum-Golgi intermediate compartment protein 3,1.89808665
Q13740,CD166 antigen ,1.895273174
P04229,"HLA class II histocompatibility antigen, DRB1-1 beta chain",1.88119123
Q9Y287,"Integral membrane protein 2B, BRI2,  dementia gene",1.880717181
Q9NZD8,Maspardin,1.870843619
Q9NUM4,Transmembrane protein 106B,1.8341196
Q9P273,Teneurin-3,1.832724688
P20701,Integrin alpha-L,1.816787166
O15118,Niemann-Pick C1 protein,1.791847938
Q8N766,Uncharacterized protein KIAA0090,1.787062784
Q96RQ1,Endoplasmic reticulum-Golgi intermediate compartment protein 2,1.761730765
O60449,Lymphocyte antigen 75,1.75047209
Q30154,"HLA class II histocompatibility antigen, DR beta 5 chain",1.734525581
P18827,Syndecan-1,1.734211809
P13598,Intercellular adhesion molecule 2,1.727280702
Q14108,"Lysosome membrane protein 2, CD36",1.718879993
Q86UN3,Reticulon-4 receptor-like 2,1.715370209
P78536,"Disintegrin and metalloproteinase domain-containing protein 17, TACE",1.712792565
Q9P244,Leucine-rich repeat and fibronectin type III domain-containing protein 1,1.711816317
O94905,Erlin-2,1.706429932
O14617,AP-3 complex subunit delta-1,1.700726525
P28068,"HLA class II histocompatibility antigen, DM beta chain",1.699741391
Q11201,"CMP-N-acetylneuraminate-beta-galactosamide-alpha-2,3-sialyltransferase 1",1.687326752
P13612,Integrin alpha-4,1.675059359
Q9UH99,SUN domain-containing protein 2,1.646158987
O60784,Target of Myb protein 1,1.645396881
Q16706,Alpha-mannosidase 2,1.641211096
Q10472,Polypeptide N-acetylgalactosaminyltransferase 1,1.635418804
Q9BY67,Cell adhesion molecule 1,1.618843106
P11117,Lysosomal acid phosphatase,1.612797756
P16070,CD44 antigen,1.608612788
P16422,Epithelial cell adhesion molecule,1.602792921
P01911,"HLA class II histocompatibility antigen, DRB1-15 beta chain",1.600835414
P05107,Integrin beta-2,1.598800088
Q13724,Mannosyl-oligosaccharide glucosidase,1.597776314
Q15223,Poliovirus receptor-related protein 1,1.586354684
Q9BS26,Endoplasmic reticulum resident protein 44,1.580525963
P05556,Integrin beta-1,1.577895864
P37268,Squalene synthase,1.574319481
Q9BRR6,ADP-dependent glucokinase,1.57380504
Q9Y5S1,Transient receptor potential cation channel subfamily V member 2,1.569593576
P01903,"HLA class II histocompatibility antigen, DR alpha chain",1.565154738
Q8IWV1,Lymphocyte transmembrane adapter 1,1.563141075
Q9Y2T2,AP-3 complex subunit mu-1,1.542016245
Q86X29,Lipolysis-stimulated lipoprotein receptor,1.535931911
Q9BY50,Signal peptidase complex catalytic subunit SEC11C,1.535742497
P04062,Glucosylceramidase,1.532950049
P26572,"Alpha-1,3-mannosyl-glycoprotein 2-beta-N-acetylglucosaminyltransferase",1.5317073
Q8IW92,Beta-galactosidase-1-like protein 2,1.520298096
Q92542,Nicastrin,1.509308867
P08069,Insulin-like growth factor 1 receptor,1.505869192
O95864,Fatty acid desaturase 2,1.502640512
P51809,Vesicle-associated membrane protein 7,1.47582382
P11279,Lysosome-associated membrane glycoprotein 1,1.466975697
Q14118,Dystroglycan,1.459146473
P12109,Collagen alpha-1(VI) chain,1.457731732
Q92508,Protein PIEZO1,1.445861076
Q6PCB8,Embigin,1.440533608
O60476,"Mannosyl-oligosaccharide 1,2-alpha-mannosidase IB",1.429370241
Q92643,GPI-anchor transamidase,1.426629062
P02786,Transferrin receptor protein 1,1.426340766
P49257,Protein ERGIC-53,1.423458806
P52292,Importin subunit alpha-2,1.418108357
Q9NUE0,Palmitoyltransferase ZDHHC18,1.417972755
Q6P4Q7,Metal transporter CNNM4,1.398738177
Q96JJ7,Protein disulfide-isomerase TMX3,1.396424154
O43292,Glycosylphosphatidylinositol anchor attachment 1 protein,1.395059827
O60488,Long-chain-fatty-acid--CoA ligase 4,1.382234097
Q9ULF5,Zinc transporter ZIP10,1.365351343
Q969N2,GPI transamidase component PIG-T,1.359116762
O14672,Disintegrin and metalloproteinase domain-containing protein 10,1.357522119
P25445,Tumor necrosis factor receptor superfamily member 6,1.354690859
P21333,Filamin-A,1.345167205
P55196,Afadin,1.343633951
O00203,AP-3 complex subunit beta-1,1.330601895
Q9H7F0,Probable cation-transporting ATPase 13A3,1.322134159
P23458,Tyrosine-protein kinase JAK1,1.319487057
O60486,Plexin-C1,1.316894599
Q9ULH0,Kinase D-interacting substrate of 220 kDa,1.316272409
O00461,Golgi integral membrane protein 4,1.31539838
Q9UBS4,DnaJ homolog subfamily B member 11  Erdj3,1.300772509
P23470,Receptor-type tyrosine-protein phosphatase gamma,1.294837935
Q8NE01,Metal transporter CNNM3,1.289549746
Q6ZVF9,G protein-regulated inducer of neurite outgrowth 3,1.284889011
P40189,"Interleukin-6 receptor subunit beta, binds to IL-6",1.270121816
Q96KA5,Cleft lip and palate transmembrane protein 1-like protein,1.255696991
Q6IAA8,Ragulator complex protein PDRO,1.255075586
P05362,Intercellular adhesion molecule 1,1.251899809
O15126,"Secretory carrier-associated membrane protein 1, SCAMP1",1.251512808
Q13443,Disintegrin and metalloproteinase domain-containing protein 9,1.247927809
Q99805,Transmembrane 9 superfamily member 2,1.234427859
Q9UM54,Myosin-VI,1.226447442
Q9UIQ6,Leucyl-cystinyl aminopeptidase,1.222625418
Q14160,Protein scribble homolog,1.220498256
P49327,Fatty acid synthase,1.17801292
O43491,Band 4.1-like protein 2,1.130800556
Q14699,Raftlin,1.128378139
,,0
A5YKK6,CCR4-NOT transcription complex subunit 1,1.408041875
O00148,ATP-dependent RNA helicase DDX39,1.179506793
O00159,Myosin-Ic,0.937369512
O00161,Synaptosomal-associated protein 23,0.988679882
O00165,HCLS1-associated protein X-1,1.065307659
O00186,Syntaxin-binding protein 3,0.996273435
O00214,Galectin-8,1.13927419
O00231,26S proteasome non-ATPase regulatory subunit 11,0.930210969
O00303,Eukaryotic translation initiation factor 3 subunit F,1.045856284
O00410,Importin-5,0.929488085
O00429,Dynamin-1-like protein,0.911056408
O00560,Syntenin-1,0.960199684
O14579,Coatomer subunit epsilon,1.073904966
O14745,Na(+)/H(+) exchange regulatory cofactor NHE-RF1,1.111196964
O14936,Peripheral plasma membrane protein CASK,0.840608213
O14979,Heterogeneous nuclear ribonucleoprotein D-like,0.890141624
O14980,Exportin-1,0.872499509
O15020,"Spectrin beta chain, brain 2",0.9336169
O15143,Actin-related protein 2/3 complex subunit 1B,0.986813549
O15144,Actin-related protein 2/3 complex subunit 2,0.902818342
O15371,Eukaryotic translation initiation factor 3 subunit D,0.921273752
O15511,Actin-related protein 2/3 complex subunit 5,1.116569443
O43143,Putative pre-mRNA-splicing factor ATP-dependent RNA helicase DHX15,0.916233917
O43175,D-3-phosphoglycerate dehydrogenase,0.763252014
O43242,26S proteasome non-ATPase regulatory subunit 3,1.000465992
O43390,Heterogeneous nuclear ribonucleoprotein R,0.947815535
O43399,Tumor protein D54,0.897805244
O43427,Acidic fibroblast growth factor intracellular-binding protein,0.7421911
O43504,Hepatitis B virus X-interacting protein,1.269872233
O43707,Alpha-actinin-4,1.030628736
O43747,AP-1 complex subunit gamma-1,0.96384626
O43776,"Asparaginyl-tRNA synthetase, cytoplasmic",0.771730307
O43795,Myosin-Ib,1.1086473
O60239,SH3 domain-binding protein 5,0.697983653
O60493,Sorting nexin-3,1.053836216
O60506,Heterogeneous nuclear ribonucleoprotein Q,0.967460887
O60610,Protein diaphanous homolog 1,0.853274222
O60762,Dolichol-phosphate mannosyltransferase,0.914175866
O60763,General vesicular transport factor p115,0.896864552
O60941,Dystrobrevin beta,1.103458646
O75131,Copine-3,1.112023753
O75165,DnaJ homolog subfamily C member 13,1.02261358
O75381,Peroxisomal membrane protein PEX14,0.689728638
O75410,Transforming acidic coiled-coil-containing protein 1,1.127890016
O75533,Splicing factor 3B subunit 1,0.990669083
O75608,Acyl-protein thioesterase 1,1.201699752
O75643,U5 small nuclear ribonucleoprotein 200 kDa helicase,0.960729925
O75694,Nuclear pore complex protein Nup155,1.050142531
O75695,Protein XRP2,1.022942298
O75821,Eukaryotic translation initiation factor 3 subunit G,0.936729149
O75822,Eukaryotic translation initiation factor 3 subunit J,1.097049254
O75955,Flotillin-1,0.994199612
O76021,Ribosomal L1 domain-containing protein 1,0.908382473
O76094,Signal recognition particle 72 kDa protein,1.020888551
O94832,Myosin-Id,0.822979499
O94874,E3 UFM1-protein ligase 1,1.078380661
O94906,Pre-mRNA-processing factor 6,1.029016283
O94973,AP-2 complex subunit alpha-2,1.009993806
O95433,Activator of 90 kDa heat shock protein ATPase homolog 1,0.965711774
O95466,Formin-like protein 1,0.963127779
O95486,Protein transport protein Sec24A,0.924239351
O95487,Protein transport protein Sec24B,1.094691319
O95782,AP-2 complex subunit alpha-1,1.014088096
O95865,"N(G),N(G)-dimethylarginine dimethylaminohydrolase 2",1.180790553
P00338,L-lactate dehydrogenase A chain,1.10807581
P00387,NADH-cytochrome b5 reductase 3,1.01404315
P00441,Superoxide dismutase [Cu-Zn],1.026265242
P00558,Phosphoglycerate kinase 1,1.128072642
P01111,GTPase NRas,1.051423683
P01112,GTPase HRas,0.566455945
P02545,Prelamin-A/C,1.072695967
P04075,Fructose-bisphosphate aldolase A,1.104638951
P04406,Glyceraldehyde-3-phosphate dehydrogenase,1.055811734
P04632,Calpain small subunit 1,0.939292462
P04899,Guanine nucleotide-binding protein G(i) subunit alpha-2,0.918115301
P05198,Eukaryotic translation initiation factor 2 subunit 1,0.938499428
P05386,60S acidic ribosomal protein P1,1.232891762
P05387,60S acidic ribosomal protein P2,0.984360822
P05388,60S acidic ribosomal protein P0,1.000466581
P05771,Protein kinase C beta type,1.005445512
P06241,Tyrosine-protein kinase Fyn,0.788040572
P06454,Prothymosin alpha,0.789699802
P06744,Glucose-6-phosphate isomerase,1.186597217
P06748,Nucleophosmin,1.023458388
P07195,L-lactate dehydrogenase B chain,1.016811054
P07355,Annexin A2,0.987667246
P07384,Calpain-1 catalytic subunit,1.015799119
P07437,Tubulin beta chain,1.074988638
P07737,Profilin-1,1.089321228
P07814,Bifunctional aminoacyl-tRNA synthetase,0.851311361
P07900,Heat shock protein HSP 90-alpha,0.914530302
P07910,Heterogeneous nuclear ribonucleoproteins C1/C2,1.046538264
P07947,Proto-oncogene tyrosine-protein kinase Yes,1.059596845
P07948,Tyrosine-protein kinase Lyn,0.954224144
P08107,Heat shock 70 kDa protein 1A/1B,0.844969869
P08133,Annexin A6,0.95844654
P08238,Heat shock protein HSP 90-beta,1.033309321
P08240,Signal recognition particle receptor subunit alpha,1.15666551
P08670,Vimentin,0.942471842
P08708,40S ribosomal protein S17,1.418294548
P08754,Guanine nucleotide-binding protein G(k) subunit alpha,1.051560225
P08758,Annexin A5,0.873560686
P09382,Galectin-1,0.92166163
P09525,Annexin A4,1.125257734
P09874,Poly [ADP-ribose] polymerase 1,0.920900341
P09972,Fructose-bisphosphate aldolase C,1.232143443
P10301,Ras-related protein R-Ras,1.03385744
P10599,Thioredoxin,1.018753755
P11142,Heat shock cognate 71 kDa protein,0.989950618
P11171,Protein 4.1,0.973100662
P11233,Ras-related protein Ral-A,0.97312726
P11532,Dystrophin,0.781362954
P11586,"C-1-tetrahydrofolate synthase, cytoplasmic",1.011251206
P12004,Proliferating cell nuclear antigen,0.968913511
P12277,Creatine kinase B-type,1.046682415
P12956,X-ray repair cross-complementing protein 6,0.927813151
P13010,X-ray repair cross-complementing protein 5,1.035311443
P13639,Elongation factor 2,1.038442387
P13796,Plastin-2,1.037348876
P14618,Pyruvate kinase isozymes M1/M2,1.033919256
P14866,Heterogeneous nuclear ribonucleoprotein L,0.876907352
P15153,Ras-related C3 botulinum toxin substrate 2,1.137874172
P15311,Ezrin,0.86592978
P15531,Nucleoside diphosphate kinase A,0.820572216
P15880,40S ribosomal protein S2,0.865849757
P16401,Histone H1.5,0.902701883
P16435,NADPH--cytochrome P450 reductase,0.852679418
P16885,"1-phosphatidylinositol-4,5-bisphosphate phosphodiesterase gamma-2",0.749082142
P17096,High mobility group protein HMG-I/HMG-Y,1.13601055
P17252,Protein kinase C alpha type,1.129111265
P17844,Probable ATP-dependent RNA helicase DDX5,0.992801044
P17858,"6-phosphofructokinase, liver type",1.173250242
P17931,Galectin-3,0.879142441
P17980,26S protease regulatory subunit 6A,1.118794411
P17987,T-complex protein 1 subunit alpha,0.975845637
P18031,Tyrosine-protein phosphatase non-receptor type 1,0.938005056
P18085,ADP-ribosylation factor 4,0.941581165
P18124,60S ribosomal protein L7,0.922350331
P18669,Phosphoglycerate mutase 1,1.370789811
P18754,Regulator of chromosome condensation,0.918381948
P19338,Nucleolin,0.924554775
P20073,Annexin A7,0.923965694
P20339,Ras-related protein Rab-5A,1.150159655
P20340,Ras-related protein Rab-6A,1.054468443
P20700,Lamin-B1,0.878447634
P21281,"V-type proton ATPase subunit B, brain isoform",0.90458267
P21283,V-type proton ATPase subunit C 1,0.88955382
P22059,Oxysterol-binding protein 1,0.848704867
P22102,Trifunctional purine biosynthetic protein adenosine-3,0.687338054
P22234,Multifunctional protein ADE2,1.00501227
P22314,Ubiquitin-like modifier-activating enzyme 1,1.111571924
P22626,Heterogeneous nuclear ribonucleoproteins A2/B1,0.939573446
P23396,40S ribosomal protein S3,0.936554854
P23528,Cofilin-1,0.961809329
P25398,40S ribosomal protein S12,0.961024524
P25685,DnaJ homolog subfamily B member 1,0.920132699
P26038,Moesin,0.995189003
P26196,Probable ATP-dependent RNA helicase DDX6,0.966142437
P26368,Splicing factor U2AF 65 kDa subunit,1.037820198
P26373,60S ribosomal protein L13,0.911747276
P26583,High mobility group protein B2,0.992954904
P26639,"Threonyl-tRNA synthetase, cytoplasmic",1.125400231
P26640,Valyl-tRNA synthetase,0.933175253
P26641,Elongation factor 1-gamma,1.024739395
P27348,14-3-3 protein theta,1.158858359
P27695,DNA-(apurinic or apyrimidinic site) lyase,0.918885631
P27708,CAD protein,1.077203338
P27816,Microtubule-associated protein 4,1.279595739
P29401,Transketolase,1.09041006
P29692,Elongation factor 1-delta,0.98197941
P29992,Guanine nucleotide-binding protein subunit alpha-11,0.9961125
P30050,60S ribosomal protein L12,0.943955987
P30086,Phosphatidylethanolamine-binding protein 1,0.950742086
P30153,Serine/threonine-protein phosphatase 2A 65 kDa regulatory subunit A alpha isoform,1.140185254
P30519,Heme oxygenase 2,0.986147238
P30626,Sorcin,1.011719015
P31146,Coronin-1A,1.00237383
P31943,Heterogeneous nuclear ribonucleoprotein H,0.520379391
P31946,14-3-3 protein beta/alpha,1.078306985
P31948,Stress-induced-phosphoprotein 1,1.312768887
P31949,Protein S100-A11,0.940800316
P32119,Peroxiredoxin-2,1.136992827
P32969,60S ribosomal protein L9,0.95318486
P33241,Lymphocyte-specific protein 1,1.013651651
P33992,DNA replication licensing factor MCM5,1.151317689
P33993,DNA replication licensing factor MCM7,1.151874092
P35241,Radixin,0.939187043
P35249,Replication factor C subunit 4,1.087073231
P35250,Replication factor C subunit 2,1.001163214
P35268,60S ribosomal protein L22,0.825414422
P35579,Myosin-9,0.952891273
P35908,"Keratin, type II cytoskeletal 2 epidermal",0.975401216
P36543,V-type proton ATPase subunit E 1,0.880623162
P36578,60S ribosomal protein L4,0.947129859
P37235,Hippocalcin-like protein 1,0.885168863
P38919,Eukaryotic initiation factor 4A-III,1.019947051
P39019,40S ribosomal protein S19,0.983237846
P39023,60S ribosomal protein L3,0.870092342
P39748,Flap endonuclease 1,1.061177745
P40227,T-complex protein 1 subunit zeta,0.931033318
P41240,Tyrosine-protein kinase CSK,1.07587772
P41250,Glycyl-tRNA synthetase,0.723887481
P41252,"Isoleucyl-tRNA synthetase, cytoplasmic",0.938425357
P42356,Phosphatidylinositol 4-kinase alpha,0.936432868
P42766,60S ribosomal protein L35,0.890798555
P43250,G protein-coupled receptor kinase 6,0.904901172
P46060,Ran GTPase-activating protein 1,0.927477276
P46087,Putative ribosomal RNA methyltransferase NOP2,1.081214049
P46459,Vesicle-fusing ATPase,1.055964677
P46776,60S ribosomal protein L27a,0.986074736
P46779,60S ribosomal protein L28,0.958607677
P46781,40S ribosomal protein S9,0.919340993
P46782,40S ribosomal protein S5,1.063448497
P46783,40S ribosomal protein S10,1.007272879
P46939,Utrophin,1.047338222
P46940,Ras GTPase-activating-like protein IQGAP1,1.005991593
P47712,Cytosolic phospholipase A2,0.913957347
P47897,Glutaminyl-tRNA synthetase,1.055985265
P48643,T-complex protein 1 subunit epsilon,0.78100548
P48723,Heat shock 70 kDa protein 13,0.775493075
P49006,MARCKS-related protein,1.081290797
P49368,T-complex protein 1 subunit gamma,0.981282585
P49588,"Alanyl-tRNA synthetase, cytoplasmic",0.840597121
P49792,E3 SUMO-protein ligase RanBP2,1.071227911
P49795,Regulator of G-protein signaling 19,1.166716652
P49915,GMP synthase [glutamine-hydrolyzing],1.100865986
P50395,Rab GDP dissociation inhibitor beta,1.114626153
P50570,Dynamin-2,0.846523821
P50914,60S ribosomal protein L14,0.994583183
P50990,T-complex protein 1 subunit theta,1.010988897
P50991,T-complex protein 1 subunit delta,0.934995906
P50995,Annexin A11,0.927707395
P51149,Ras-related protein Rab-7a,1.113389518
P51159,Ras-related protein Rab-27A,0.965906637
P51610,Host cell factor 1,0.93570698
P51665,26S proteasome non-ATPase regulatory subunit 7,1.398342222
P52209,"6-phosphogluconate dehydrogenase, decarboxylating",1.060075677
P52272,Heterogeneous nuclear ribonucleoprotein M,0.986696454
P52565,Rho GDP-dissociation inhibitor 1,0.827807641
P52566,Rho GDP-dissociation inhibitor 2,1.137447295
P52597,Heterogeneous nuclear ribonucleoprotein F,0.960090899
P52907,F-actin-capping protein subunit alpha-1,1.192319949
P53396,ATP-citrate synthase,1.041597779
P53618,Coatomer subunit beta,1.055100782
P53621,Coatomer subunit alpha,1.036264723
P53674,Beta-crystallin B1,1.069770644
P53990,IST1 homolog,0.86311211
P53999,Activated RNA polymerase II transcriptional coactivator p15,0.99209215
P54136,"Arginyl-tRNA synthetase, cytoplasmic",0.996363163
P54709,Sodium/potassium-transporting ATPase subunit beta-3,1.008036559
P54920,Alpha-soluble NSF attachment protein,1.026721077
P55060,Exportin-2,1.001192469
P55072,Transitional endoplasmic reticulum ATPase,0.981116246
P55209,Nucleosome assembly protein 1-like 1,1.063263075
P55884,Eukaryotic translation initiation factor 3 subunit B,0.951409869
P55957,BH3-interacting domain death agonist,0.989549409
P56192,"Methionyl-tRNA synthetase, cytoplasmic",0.600138747
P56537,Eukaryotic translation initiation factor 6,0.79152928
P59998,Actin-related protein 2/3 complex subunit 4,1.019665584
P60174,Triosephosphate isomerase,0.947210087
P60228,Eukaryotic translation initiation factor 3 subunit E,1.106527689
P60660,Myosin light polypeptide 6,0.942470046
P60842,Eukaryotic initiation factor 4A-I,0.924259695
P60866,40S ribosomal protein S20,0.965053605
P60900,Proteasome subunit alpha type-6,0.954773883
P60953,Cell division control protein 42 homolog,1.043443141
P61006,Ras-related protein Rab-8A,1.011221578
P61019,Ras-related protein Rab-2A,1.055278551
P61020,Ras-related protein Rab-5B,1.03664144
P61026,Ras-related protein Rab-10,1.015762083
P61081,NEDD8-conjugating enzyme Ubc12,0.969019646
P61158,Actin-related protein 3,1.096665683
P61160,Actin-related protein 2,1.029531739
P61225,Ras-related protein Rap-2b,0.96859661
P61247,40S ribosomal protein S3a,0.95817248
P61289,Proteasome activator complex subunit 3,0.888990887
P61313,60S ribosomal protein L15,0.854140844
P61353,60S ribosomal protein L27,0.855161218
P61421,V-type proton ATPase subunit d 1,1.020302588
P61923,Coatomer subunit zeta-1,1.091335938
P61978,Heterogeneous nuclear ribonucleoprotein K,1.010903076
P61981,14-3-3 protein gamma,1.123319463
P62081,40S ribosomal protein S7,0.963910034
P62140,Serine/threonine-protein phosphatase PP1-beta catalytic subunit,0.992844755
P62158,Calmodulin,0.982978198
P62241,40S ribosomal protein S8,0.949846475
P62244,40S ribosomal protein S15a,0.893001559
P62249,40S ribosomal protein S16,0.882657882
P62258,14-3-3 protein epsilon,1.099579954
P62263,40S ribosomal protein S14,0.995382064
P62269,40S ribosomal protein S18,0.953855846
P62277,40S ribosomal protein S13,1.12236853
P62280,40S ribosomal protein S11,0.848927096
P62316,Small nuclear ribonucleoprotein Sm D2,0.943921368
P62318,Small nuclear ribonucleoprotein Sm D3,0.777993044
P62330,ADP-ribosylation factor 6,0.945417587
P62424,60S ribosomal protein L7a,0.975572166
P62495,Eukaryotic peptide chain release factor subunit 1,0.966118865
P62701,"40S ribosomal protein S4, X isoform",0.94728647
P62750,60S ribosomal protein L23a,1.000599908
P62753,40S ribosomal protein S6,1.058574676
P62805,Histone H4,0.858933188
P62826,GTP-binding nuclear protein Ran,1.052175008
P62834,Ras-related protein Rap-1A,0.995822378
P62851,40S ribosomal protein S25,1.067828427
P62873,Guanine nucleotide-binding protein G(I)/G(S)/G(T) subunit beta-1,0.94186714
P62879,Guanine nucleotide-binding protein G(I)/G(S)/G(T) subunit beta-2,1.026311615
P62888,60S ribosomal protein L30,0.977993674
P62899,60S ribosomal protein L31,0.900413522
P62906,60S ribosomal protein L10a,0.924574225
P62910,60S ribosomal protein L32,0.884863042
P62913,60S ribosomal protein L11,0.983704262
P62917,60S ribosomal protein L8,1.073092441
P62937,Peptidyl-prolyl cis-trans isomerase A,0.939184054
P63104,14-3-3 protein zeta/delta,1.093891361
P63244,Guanine nucleotide-binding protein subunit beta-2-like 1,0.929403604
P63261,"Actin, cytoplasmic 2",1.370728122
P68366,Tubulin alpha-4A chain,1.015171965
P68400,Casein kinase II subunit alpha,1.089680869
P78344,Eukaryotic translation initiation factor 4 gamma 2,0.956794774
P78347,General transcription factor II-I,1.031791574
P78371,T-complex protein 1 subunit beta,0.974860503
P78527,DNA-dependent protein kinase catalytic subunit,0.980037165
P82909,"28S ribosomal protein S36, mitochondrial",0.988000562
P82979,SAP domain-containing ribonucleoprotein,0.95758721
P83731,60S ribosomal protein L24,0.902102477
P84098,60S ribosomal protein L19,0.933826795
Q00341,Vigilin,1.000078554
Q00610,Clathrin heavy chain 1,0.999552957
Q00839,Heterogeneous nuclear ribonucleoprotein U,0.997231649
Q01082,"Spectrin beta chain, brain 1",0.935921784
Q01105,Protein SET,0.955891117
Q02543,60S ribosomal protein L18a,0.841803724
Q02818,Nucleobindin-1,0.989934711
Q02878,60S ribosomal protein L6,0.92087812
Q03252,Lamin-B2,0.836578793
Q04637,Eukaryotic translation initiation factor 4 gamma 1,1.13700393
Q04917,14-3-3 protein eta,1.054305271
Q06830,Peroxiredoxin-1,0.969767398
Q07020,60S ribosomal protein L18,0.878458404
Q07955,Serine/arginine-rich splicing factor 1,0.99511383
Q08209,Serine/threonine-protein phosphatase 2B catalytic subunit alpha isoform,0.864484396
Q08211,ATP-dependent RNA helicase A,1.010373262
Q08379,Golgin subfamily A member 2,1.018660795
Q0VGL1,UPF0539 protein C7orf59,1.117620433
Q10567,AP-1 complex subunit beta-1,0.872643587
Q12905,Interleukin enhancer-binding factor 2,0.97006212
Q12906,Interleukin enhancer-binding factor 3,1.039149481
Q12955,Ankyrin-3,1.036723958
Q12959,Disks large homolog 1,1.035442543
Q12996,Cleavage stimulation factor subunit 3,1.045348204
Q13049,E3 ubiquitin-protein ligase TRIM32,1.096536341
Q13148,TAR DNA-binding protein 43,1.110458529
Q13232,Nucleoside diphosphate kinase 3,0.83756567
Q13263,Transcription intermediary factor 1-beta,1.023592768
Q13283,Ras GTPase-activating protein-binding protein 1,1.137669544
Q13303,Voltage-gated potassium channel subunit beta-2,0.985571058
Q13347,Eukaryotic translation initiation factor 3 subunit I,1.000736359
Q13425,Beta-2-syntrophin,1.122267665
Q13435,Splicing factor 3B subunit 2,0.951922699
Q13492,Phosphatidylinositol-binding clathrin assembly protein,1.066840913
Q13576,Ras GTPase-activating-like protein IQGAP2,0.971136875
Q13616,Cullin-1,1.063847794
Q13813,"Spectrin alpha chain, brain",0.944158372
Q13884,Beta-1-syntrophin,0.838193524
Q14008,Cytoskeleton-associated protein 5,1.176972907
Q14103,Heterogeneous nuclear ribonucleoprotein D0,1.088883586
Q14137,Ribosome biogenesis protein BOP1,1.092704605
Q14152,Eukaryotic translation initiation factor 3 subunit A,1.069892607
Q14156,Protein EFR3 homolog A,1.017599025
Q14157,Ubiquitin-associated protein 2-like,1.026798548
Q14204,Cytoplasmic dynein 1 heavy chain 1,0.983976398
Q14254,Flotillin-2,1.014199202
Q14344,Guanine nucleotide-binding protein subunit alpha-13,0.911257864
Q14444,Caprin-1,1.163228502
Q14498,RNA-binding protein 39,0.997231201
Q14677,Clathrin interactor 1,0.953853663
Q14683,Structural maintenance of chromosomes protein 1A,0.975675704
Q14974,Importin subunit beta-1,0.972929831
Q14980,Nuclear mitotic apparatus protein 1,1.00183688
Q15006,Tetratricopeptide repeat protein 35,0.714660677
Q15019,Septin-2,0.982460109
Q15046,Lysyl-tRNA synthetase,0.935349396
Q15056,Eukaryotic translation initiation factor 4H,0.988963943
Q15126,Phosphomevalonate kinase,1.094832053
Q15149,Plectin,0.981623115
Q15286,Ras-related protein Rab-35,0.99099335
Q15366,Poly(rC)-binding protein 2,1.00244547
Q15393,Splicing factor 3B subunit 3,0.956565157
Q15436,Protein transport protein Sec23A,1.084321837
Q15437,Protein transport protein Sec23B,0.966979431
Q15599,Na(+)/H(+) exchange regulatory cofactor NHE-RF2,1.104475997
Q15645,Thyroid receptor-interacting protein 13,0.817682342
Q15691,Microtubule-associated protein RP/EB family member 1,1.052638624
Q15717,ELAV-like protein 1,0.821727712
Q15833,Syntaxin-binding protein 2,0.975871033
Q16531,DNA damage-binding protein 1,0.910870412
Q16537,Serine/threonine-protein phosphatase 2A 56 kDa regulatory subunit epsilon isoform,1.016147071
Q5HYI8,Rab-like protein 3,0.998888885
Q5RKV6,Exosome complex exonuclease MTR3,0.984104468
Q5W111,Chronic lymphocytic leukemia deletion region gene 6 protein,1.085851396
Q68CZ2,Tensin-3,1.331685834
Q68D91,Metallo-beta-lactamase domain-containing protein 2,0.817898281
Q6IAN0,Dehydrogenase/reductase SDR family member 7B,0.979337289
Q6P1N0,Coiled-coil and C2 domain-containing protein 1A,0.584553043
Q6P2E9,Enhancer of mRNA-decapping protein 4,1.144963298
Q6P2Q9,Pre-mRNA-processing-splicing factor 8,1.018538818
Q6ZMU5,Tripartite motif-containing protein 72,1.118502556
Q709C8,Vacuolar protein sorting-associated protein 13C,0.883048808
Q7L2H7,Eukaryotic translation initiation factor 3 subunit M,0.926664839
Q7L5D6,Golgi to ER traffic protein 4 homolog,1.153052768
Q7Z2W4,Zinc finger CCCH-type antiviral protein 1,1.247373985
Q7Z5G4,Golgin subfamily A member 7,0.908264593
Q86Y56,HEAT repeat-containing protein 2,1.096123521
Q86YS7,Uncharacterized protein KIAA0528,0.79458838
Q8IXS8,Protein FAM126B,1.059083054
Q8N1G4,Leucine-rich repeat-containing protein 47,1.129089697
Q8N6T3,ADP-ribosylation factor GTPase-activating protein 1,1.070988846
Q8NBN7,Retinol dehydrogenase 13,0.750952543
Q8NBU5,ATPase family AAA domain-containing protein 1,0.646229216
Q8NC51,Plasminogen activator inhibitor 1 RNA-binding protein,1.002005542
Q8NHG7,Small VCP/p97-interacting protein,0.956868844
Q8TAD7,Putative overexpressed in colon carcinoma 1 protein,0.82892942
Q8TCG2,Phosphatidylinositol 4-kinase type 2-beta,1.341934611
Q8TEM1,Nuclear pore membrane glycoprotein 210,0.983771152
Q8WU79,Stromal membrane-associated protein 2,1.047671371
Q8WUD1,Ras-related protein Rab-2B,1.080220742
Q8WUM4,Programmed cell death 6-interacting protein,1.018221215
Q8WVM8,Sec1 family domain-containing protein 1,1.051345421
Q92597,Protein NDRG1,0.945239819
Q92598,Heat shock protein 105 kDa,1.951764865
Q92616,Translational activator GCN1,1.013937735
Q92841,Probable ATP-dependent RNA helicase DDX17,0.95483932
Q92930,Ras-related protein Rab-8B,1.169228349
Q92945,Far upstream element-binding protein 2,0.970558584
Q92973,Transportin-1,1.062622837
Q93034,Cullin-5,1.478034794
Q96AE4,Far upstream element-binding protein 1,0.996592708
Q96AX2,Ras-related protein Rab-37,0.808160644
Q96C36,Pyrroline-5-carboxylate reductase 2,0.933003417
Q96CS3,FAS-associated factor 2,0.958365063
Q96CT7,Coiled-coil domain-containing protein 124,1.010829006
Q96CW1,AP-2 complex subunit mu,1.068241211
Q96DM3,Uncharacterized protein C18orf8,1.029497692
Q96DR7,Rho guanine nucleotide exchange factor 26,1.236025501
Q96J02,E3 ubiquitin-protein ligase Itchy homolog,1.245331756
Q96L92,Sorting nexin-27,1.072588763
Q96M27,Protein PRRC1,0.859055383
Q96NW7,Leucine-rich repeat-containing protein 7,0.699704445
Q96PK6,RNA-binding protein 14,0.932076622
Q96QK1,Vacuolar protein sorting-associated protein 35,1.029733813
Q96RT1,Protein LAP2,1.151815172
Q96TC7,Regulator of microtubule dynamics protein 3,0.760301271
Q99536,Synaptic vesicle membrane protein VAT-1 homolog,1.041276242
Q99541,Perilipin-2,0.817065645
Q99569,Plakophilin-4,0.941629338
Q99613,Eukaryotic translation initiation factor 3 subunit C,1.022876028
Q99653,Calcium-binding protein p22,1.049114295
Q99747,Gamma-soluble NSF attachment protein,1.165753155
Q99829,Copine-1,0.927137454
Q99832,T-complex protein 1 subunit eta,1.033761149
Q99873,Protein arginine N-methyltransferase 1,1.063381006
Q9BPX3,Condensin complex subunit 3,0.803822428
Q9BQE5,Apolipoprotein L2,0.810555056
Q9BQG0,Myb-binding protein 1A,1.010717901
Q9BTU6,Phosphatidylinositol 4-kinase type 2-alpha,1.230617596
Q9BUJ2,Heterogeneous nuclear ribonucleoprotein U-like protein 1,0.825668248
Q9BXK5,Bcl-2-like protein 13,0.805726244
Q9BXW6,Oxysterol-binding protein-related protein 1,1.047372249
Q9BY44,Eukaryotic translation initiation factor 2A,1.350949333
Q9BZZ5,Apoptosis inhibitor 5,0.997051944
Q9H0A0,N-acetyltransferase 10,1.049880844
Q9H444,Charged multivesicular body protein 4b,1.111349714
Q9H4A6,Golgi phosphoprotein 3,0.953550498
Q9H4G0,Band 4.1-like protein 1,0.990924377
Q9H4G4,Golgi-associated plant pathogenesis-related protein 1,1.033804457
Q9H4I3,TraB domain-containing protein,0.71649128
Q9H4M9,EH domain-containing protein 1,0.972193975
Q9H9H4,Vacuolar protein sorting-associated protein 37B,1.119173277
Q9HAV0,Guanine nucleotide-binding protein subunit beta-4,0.907582514
Q9HAV4,Exportin-5,0.989798911
Q9HB71,Calcyclin-binding protein,1.03959808
Q9HB90,Ras-related GTP-binding protein C,1.147731648
Q9HBH5,Retinol dehydrogenase 14,0.807590525
Q9NP72,Ras-related protein Rab-18,1.049217227
Q9NP79,Vacuolar protein sorting-associated protein VTA1 homolog,1.068728331
Q9NPD3,Exosome complex exonuclease RRP41,0.74273049
Q9NR30,Nucleolar RNA helicase 2,1.140285318
Q9NSD9,Phenylalanyl-tRNA synthetase beta chain,0.925440705
Q9NUP9,Protein lin-7 homolog C,0.952038183
Q9NVA1,Ubiquinol-cytochrome c reductase complex chaperone CBP3 homolog,0.959550682
Q9NVH1,DnaJ homolog subfamily C member 11,0.766875048
Q9NVI7,ATPase family AAA domain-containing protein 3A,0.882628254
Q9NVT9,Armadillo repeat-containing protein 1,1.010729619
Q9NWT1,p21-activated protein kinase-interacting protein 1,0.8744183
Q9NX40,OCIA domain-containing protein 1,0.685471674
Q9NX62,Inositol monophosphatase 3,0.966191691
Q9NXC5,WD repeat-containing protein mio,1.017431797
Q9NZL4,Hsp70-binding protein 1,0.544444979
Q9P258,Protein RCC2,0.973082351
Q9P2J5,"Leucyl-tRNA synthetase, cytoplasmic",0.851807632
Q9UBB4,Ataxin-10,0.945097712
Q9UBI6,Guanine nucleotide-binding protein G(I)/G(S)/G(O) subunit gamma-12,1.144298519
Q9UBV8,Peflin,0.957061427
Q9UGV2,Protein NDRG3,1.20307787
Q9UHA4,Mitogen-activated protein kinase scaffold protein 1,1.242249573
Q9UHB9,Signal recognition particle 68 kDa protein,1.076699661
Q9UHX1,Poly(U)-binding-splicing factor PUF60,1.093543231
Q9UI10,Translation initiation factor eIF-2B subunit delta,1.040581645
Q9UJZ1,Stomatin-like protein 2,0.948614046
Q9UL25,Ras-related protein Rab-21,0.979943556
Q9ULP9,TBC1 domain family member 24,0.870321789
Q9ULT0,Tetratricopeptide repeat protein 7A,0.829090293
Q9ULV4,Coronin-1C,1.05367093
Q9UMS4,Pre-mRNA-processing factor 19,1.00577986
Q9UN86,Ras GTPase-activating protein-binding protein 2,1.099017021
Q9UNE7,E3 ubiquitin-protein ligase CHIP,0.762234049
Q9UQ13,Leucine-rich repeat protein SHOC-2,1.134244968
Q9UQ49,Sialidase-3,0.953964392
Q9UQ80,Proliferation-associated protein 2G4,0.922794973
Q9UQE7,Structural maintenance of chromosomes protein 3,0.969186724
Q9Y230,RuvB-like 2,0.853035822
Q9Y262,Eukaryotic translation initiation factor 3 subunit L,0.995124301
Q9Y263,Phospholipase A-2-activating protein,1.379002486
Q9Y266,Nuclear migration protein nudC,1.072129304
Q9Y285,Phenylalanyl-tRNA synthetase alpha chain,0.915633948
Q9Y2D5,A-kinase anchor protein 2,0.989956016
Q9Y2G3,Probable phospholipid-transporting ATPase IF,1.041715841
Q9Y383,Putative RNA-binding protein Luc7-like 2,1.010766988
Q9Y3I0,UPF0027 protein C22orf28,0.896900918
Q9Y490,Talin-1,1.079477294
Q9Y4D1,Disheveled-associated activator of morphogenesis 1,1.002844236
Q9Y4F1,"FERM, RhoGEF and pleckstrin domain-containing protein 1",0.962957417
Q9Y4P3,Transducin beta-like protein 2,0.615169379
Q9Y5W9,Sorting nexin-11,1.117165315
Q9Y678,Coatomer subunit gamma,1.048715928
Q9Y6M9,NADH dehydrogenase [ubiquinone] 1 beta subcomplex subunit 9,1.11786721
Q9BYI3,Hyccin,0.895677074
P11021,78 kDa glucose-regulated protein,0.946561889
Q14697,Neutral alpha-glucosidase AB,1.068659976
Q15084,Protein disulfide-isomerase A6,1.123878523
P51151,Ras-related protein Rab-9A,1.123230578
P61106,Ras-related protein Rab-14,1.135726226
P62070,Ras-related protein R-Ras2,1.232027982
P63218,Guanine nucleotide-binding protein G(I)/G(S)/G(O) subunit gamma-5,0.895315991
P84095,Rho-related GTP-binding protein RhoG,1.086768213
Q86YS6,Ras-related protein Rab-43,1.30776979
Q96FZ7,Charged multivesicular body protein 6,1.201152459
Q96T49,Protein phosphatase 1 regulatory inhibitor subunit 16B,1.133727889
Q99828,Calcium and integrin-binding protein 1,0.942087834
Q9H3Z4,DnaJ homolog subfamily C member 5,1.245061291
Q9H8Y8,Golgi reassembly-stacking protein 2,1.08712045
P51148,Ras-related protein Rab-5C,1.129208046
Q9UHG3,Prenylcysteine oxidase 1,1.174546433
O00483,NADH dehydrogenase [ubiquinone] 1 alpha subcomplex subunit 4,1.019346311
O14548,"Cytochrome c oxidase subunit 7A-related protein, mitochondrial",1.198840005
O43169,Cytochrome b5 type B,0.968260846
O43615,Mitochondrial import inner membrane translocase subunit TIM44,0.826490428
O43676,NADH dehydrogenase [ubiquinone] 1 beta subcomplex subunit 3,1.113908551
O43772,Mitochondrial carnitine/acylcarnitine carrier protein,0.947432297
O43920,NADH dehydrogenase [ubiquinone] iron-sulfur protein 5,0.974067952
O60313,"Dynamin-like 120 kDa protein, mitochondrial",0.923485178
O75027,"ATP-binding cassette sub-family B member 7, mitochondrial",0.862793709
O75251,"NADH dehydrogenase [ubiquinone] iron-sulfur protein 7, mitochondrial",0.837138461
O75306,"NADH dehydrogenase [ubiquinone] iron-sulfur protein 2, mitochondrial",0.849333686
O75380,"NADH dehydrogenase [ubiquinone] iron-sulfur protein 6, mitochondrial",1.080488926
O75390,"Citrate synthase, mitochondrial",1.015265813
O75431,Metaxin-2,0.87597931
O75489,"NADH dehydrogenase [ubiquinone] iron-sulfur protein 3, mitochondrial",0.903623722
O75746,Calcium-binding mitochondrial carrier protein Aralar1,0.920441106
O75947,"ATP synthase subunit d, mitochondrial",0.938254996
O94826,Mitochondrial import receptor subunit TOM70,0.852051881
O95169,"NADH dehydrogenase [ubiquinone] 1 beta subcomplex subunit 8, mitochondrial",1.068379876
O95202,"LETM1 and EF-hand domain-containing protein 1, mitochondrial",0.92753202
O95298,NADH dehydrogenase [ubiquinone] 1 subunit C2,0.973864095
O95299,"NADH dehydrogenase [ubiquinone] 1 alpha subcomplex subunit 10, mitochondrial",0.942399015
O95831,"Apoptosis-inducing factor 1, mitochondrial",0.885463607
O96000,NADH dehydrogenase [ubiquinone] 1 beta subcomplex subunit 10,0.924197334
O96008,Mitochondrial import receptor subunit TOM40 homolog,0.976980407
P00403,Cytochrome c oxidase subunit 2,1.108863493
P00505,"Aspartate aminotransferase, mitochondrial",0.761054927
P03915,NADH-ubiquinone oxidoreductase chain 5,1.149759607
P05141,ADP/ATP translocase 2,0.940670681
P06576,"ATP synthase subunit beta, mitochondrial",0.951365426
P07919,"Cytochrome b-c1 complex subunit 6, mitochondrial",0.968957106
P08574,"Cytochrome c1, heme protein, mitochondrial",0.970547943
P09622,"Dihydrolipoyl dehydrogenase, mitochondrial",0.993871209
P09669,Cytochrome c oxidase subunit 6C,0.960101415
P10415,Apoptosis regulator Bcl-2,1.491718532
P10606,"Cytochrome c oxidase subunit 5B, mitochondrial",0.920337408
P10809,"60 kDa heat shock protein, mitochondrial",0.849363314
P13073,"Cytochrome c oxidase subunit 4 isoform 1, mitochondrial",1.091561421
P13995,"Bifunctional methylenetetrahydrofolate dehydrogenase/cyclohydrolase, mitochondrial",0.825734787
P14406,"Cytochrome c oxidase subunit 7A2, mitochondrial",1.016499174
P14854,Cytochrome c oxidase subunit 6B1,1.095528313
P14927,Cytochrome b-c1 complex subunit 7,0.835519589
P18859,"ATP synthase-coupling factor 6, mitochondrial",1.016717589
P19404,"NADH dehydrogenase [ubiquinone] flavoprotein 2, mitochondrial",0.996791779
P21912,"Succinate dehydrogenase [ubiquinone] iron-sulfur subunit, mitochondrial",0.77864106
P22695,"Cytochrome b-c1 complex subunit 2, mitochondrial",0.889089599
P23786,"Carnitine O-palmitoyltransferase 2, mitochondrial",0.969220576
P24539,"ATP synthase subunit b, mitochondrial",0.935499583
P24752,"Acetyl-CoA acetyltransferase, mitochondrial",0.874514324
P25705,"ATP synthase subunit alpha, mitochondrial",0.914689533
P28331,"NADH-ubiquinone oxidoreductase 75 kDa subunit, mitochondrial",0.90310965
P30049,"ATP synthase subunit delta, mitochondrial",0.898511921
P30536,Translocator protein,0.855465056
P31040,"Succinate dehydrogenase [ubiquinone] flavoprotein subunit, mitochondrial",0.778992698
P31930,"Cytochrome b-c1 complex subunit 1, mitochondrial",0.870028908
P32322,"Pyrroline-5-carboxylate reductase 1, mitochondrial",0.824588788
P34897,"Serine hydroxymethyltransferase, mitochondrial",0.808130319
P35232,Prohibitin,0.849333686
P36542,"ATP synthase subunit gamma, mitochondrial",0.943430127
P36957,"Dihydrolipoyllysine-residue succinyltransferase component of 2-oxoglutarate dehydrogenase complex, mitochondrial",1.024151883
P38646,"Stress-70 protein, mitochondrial",0.78841833
P40926,"Malate dehydrogenase, mitochondrial",0.904310178
P40939,"Trifunctional enzyme subunit alpha, mitochondrial",0.947376976
P42704,"Leucine-rich PPR motif-containing protein, mitochondrial",1.054219346
P43304,"Glycerol-3-phosphate dehydrogenase, mitochondrial",0.813477888
P45880,Voltage-dependent anion-selective channel protein 2,0.847600443
P48047,"ATP synthase subunit O, mitochondrial",0.983071897
P48735,"Isocitrate dehydrogenase [NADP], mitochondrial",0.913269135
P49411,"Elongation factor Tu, mitochondrial",0.845274638
P49748,"Very long-chain specific acyl-CoA dehydrogenase, mitochondrial",0.882872686
P49821,"NADH dehydrogenase [ubiquinone] flavoprotein 1, mitochondrial",0.826905221
P50416,"Carnitine O-palmitoyltransferase 1, liver isoform",0.820270515
P51398,"28S ribosomal protein S29, mitochondrial",1.154726177
P52789,Hexokinase-2,1.034383339
P53007,"Tricarboxylate transport protein, mitochondrial",0.923492728
P53701,Cytochrome c-type heme lyase,1.026522389
P55084,"Trifunctional enzyme subunit beta, mitochondrial",0.903214642
P56134,"ATP synthase subunit f, mitochondrial",0.962784643
P57105,Synaptojanin-2-binding protein,0.949220681
P61604,"10 kDa heat shock protein, mitochondrial",0.790490414
Q02127,"Dihydroorotate dehydrogenase, mitochondrial",0.962606681
Q02218,"2-oxoglutarate dehydrogenase, mitochondrial",1.05020474
Q02338,"D-beta-hydroxybutyrate dehydrogenase, mitochondrial",0.833490064
Q02978,Mitochondrial 2-oxoglutarate/malate carrier protein,0.906618632
Q07021,"Complement component 1 Q subcomponent-binding protein, mitochondrial",0.870539993
Q12931,"Heat shock protein 75 kDa, mitochondrial",0.883453727
Q13423,"NAD(P) transhydrogenase, mitochondrial",0.907908423
Q13505,Metaxin-1,0.89764744
Q14318,Peptidyl-prolyl cis-trans isomerase FKBP8,0.885001602
Q15070,Mitochondrial inner membrane protein OXA1L,0.948959673
Q16134,"Electron transfer flavoprotein-ubiquinone oxidoreductase, mitochondrial",0.7726511
Q16698,"2,4-dienoyl-CoA reductase, mitochondrial",0.985097009
Q16795,"NADH dehydrogenase [ubiquinone] 1 alpha subcomplex subunit 9, mitochondrial",0.983511906
Q16891,Mitochondrial inner membrane protein,0.928407431
Q3SXM5,Inactive hydroxysteroid dehydrogenase-like protein 1,0.737277453
Q3ZCQ8,Mitochondrial import inner membrane translocase subunit TIM50,0.980381848
Q53H12,"Acylglycerol kinase, mitochondrial",0.853244394
Q6NUK1,Calcium-binding mitochondrial carrier protein SCaMC-1,0.868643795
Q7L1W4,Leucine-rich repeat-containing protein 8D,1.083588192
Q7Z434,Mitochondrial antiviral-signaling protein,1.304361916
Q8IXI1,Mitochondrial Rho GTPase 2,0.884020774
Q8N183,"Mimitin, mitochondrial",0.818127899
Q8N5K1,CDGSH iron-sulfur domain-containing protein 2,0.735005547
Q8NE62,"Choline dehydrogenase, mitochondrial",0.552113058
Q8WY22,BRI3-binding protein,0.716103019
Q92552,"28S ribosomal protein S27, mitochondrial",0.919432505
Q96HS1,"Serine/threonine-protein phosphatase PGAM5, mitochondrial",1.542908068
Q96TA2,ATP-dependent zinc metalloprotease YME1L1,1.104157495
Q99595,Mitochondrial import inner membrane translocase subunit Tim17-A,1.457879847
Q99623,Prohibitin-2,0.825660841
Q9BQ95,"Evolutionarily conserved signaling intermediate in Toll pathway, mitochondrial",0.997133421
Q9BUB7,"Transmembrane protein 70, mitochondrial",0.924948143
Q9BVV7,"TIM21-like protein, mitochondrial",0.802057246
Q9BWH2,FUN14 domain-containing protein 2,0.573298689
Q9H061,Transmembrane protein 126A,0.864370832
Q9H2D1,Mitochondrial folate transporter/carrier,0.993161507
Q9H2V7,Protein spinster homolog 1,0.939762634
Q9H845,"Acyl-CoA dehydrogenase family member 9, mitochondrial",0.897741331
Q9H936,Mitochondrial glutamate carrier 1,0.967194579
Q9H9B4,Sideroflexin-1,0.933551536
Q9NP58,"ATP-binding cassette sub-family B member 6, mitochondrial",0.873125044
Q9NRK6,"ATP-binding cassette sub-family B member 10, mitochondrial",0.912819279
Q9NS69,Mitochondrial import receptor subunit TOM22 homolog,0.940617836
Q9NX63,"Coiled-coil-helix-coiled-coil-helix domain-containing protein 3, mitochondrial",0.915685944
Q9P0J0,NADH dehydrogenase [ubiquinone] 1 alpha subcomplex subunit 13,1.059661629
Q9P0U1,Mitochondrial import receptor subunit TOM7 homolog,1.042234075
Q9UBX3,Mitochondrial dicarboxylate carrier,0.88618083
Q9UDX5,Mitochondrial fission protein MTP18,0.904697737
Q9UJS0,Calcium-binding mitochondrial carrier protein Aralar2,0.855922239
Q9Y276,Mitochondrial chaperone BCS1,0.786455469
Q9Y277,Voltage-dependent anion-selective channel protein 3,0.930329481
Q9Y2R9,"28S ribosomal protein S7, mitochondrial",1.191977637
Q9Y375,"Complex I intermediate-associated protein 30, mitochondrial",0.853212181
Q9Y3E5,"Peptidyl-tRNA hydrolase 2, mitochondrial",0.998933327
Q9Y4W6,AFG3-like protein 2,0.900910186
Q9Y512,Sorting and assembly machinery component 50 homolog,0.849964847
Q9Y5J9,Mitochondrial import inner membrane translocase subunit Tim8 B,1.132356031
Q9Y6C9,Mitochondrial carrier homolog 2,0.782964373
Q9Y6N5,"Sulfide:quinone oxidoreductase, mitochondrial",0.925670464
P21796,Voltage-dependent anion-selective channel protein 1,0.931122033
Q00325,"Phosphate carrier protein, mitochondrial",0.90928194
A0FGR8,Extended synaptotagmin-2,1.003910847
O00400,Acetyl-coenzyme A transporter 1,0.905074178
O14828,Secretory carrier-associated membrane protein 3,1.11218606
O15127,Secretory carrier-associated membrane protein 2,1.011940367
O15247,Chloride intracellular channel protein 2,0.996266207
O15258,Protein RER1,0.846052375
O15260,Surfeit locus protein 4,0.847312019
O15321,Transmembrane 9 superfamily member 1,0.976675224
O15427,Monocarboxylate transporter 4,0.963739184
O15439,Multidrug resistance-associated protein 4,0.936554669
O15440,Multidrug resistance-associated protein 5,0.777750904
O43759,Synaptogyrin-1,1.143823563
O43760,Synaptogyrin-2,1.03343524
O60266,Adenylate cyclase type 3,1.235789822
O60669,Monocarboxylate transporter 2,0.820447808
O60779,Thiamine transporter 1,0.999921452
O75387,Large neutral amino acids transporter small subunit 3,0.701396922
O75477,Erlin-1,0.947311932
O75844,CAAX prenyl protease 1 homolog,0.861785015
O75915,PRA1 family protein 3,1.07861227
P04920,Anion exchange protein 2,0.909597224
P05023,Sodium/potassium-transporting ATPase subunit alpha-1,1.002088718
P10620,Microsomal glutathione S-transferase 1,0.831334621
P11166,"Solute carrier family 2, facilitated glucose transporter member 1",0.897953384
P11836,B-lymphocyte antigen CD20,0.931346444
P12235,ADP/ATP translocase 1,0.806921073
P12236,ADP/ATP translocase 3,0.886531755
P16615,Sarcoplasmic/endoplasmic reticulum calcium ATPase 2,0.98453523
P20020,Plasma membrane calcium-transporting ATPase 1,0.986037701
P22001,Potassium voltage-gated channel subfamily A member 3,1.259741528
P23634,Plasma membrane calcium-transporting ATPase 4,0.902738321
P30825,High affinity cationic amino acid transporter 1,0.677152995
P31641,Sodium- and chloride-dependent taurine transporter,1.141437041
P33527,Multidrug resistance-associated protein 1,0.960224226
P41440,Folate transporter 1,0.850738383
P43007,Neutral amino acid transporter A,0.913478504
P46092,C-C chemokine receptor type 10,1.242370092
P46977,Dolichyl-diphosphooligosaccharide--protein glycosyltransferase subunit STT3A,1.133230059
P48449,Lanosterol synthase,1.089936011
P48509,CD151 antigen,1.138193524
P49069,Calcium signal-modulating cyclophilin ligand,0.960178144
P50443,Sulfate transporter,1.006928803
P51798,H(+)/Cl(-) exchange transporter 7,1.198575704
P52569,Low affinity cationic amino acid transporter 2,0.853495203
P53794,Sodium/myo-inositol cotransporter,0.910181419
P53985,Monocarboxylate transporter 1,0.95670589
P54852,Epithelial membrane protein 3,0.748275396
P55011,Solute carrier family 12 member 2,1.036523969
P56589,Peroxisomal biogenesis factor 3,0.652318255
P57088,Transmembrane protein 33,0.992093988
P60033,CD81 antigen,1.162309157
P61073,C-X-C chemokine receptor type 4,0.673669803
P61221,ATP-binding cassette sub-family E member 1,0.956557749
P61803,Dolichyl-diphosphooligosaccharide--protein glycosyltransferase subunit DAD1,1.094869088
P78382,CMP-sialic acid transporter,0.802201821
P98194,Calcium-transporting ATPase type 2C member 1,1.090602643
P98198,Probable phospholipid-transporting ATPase ID,0.976980541
Q00765,Receptor expression-enhancing protein 5,0.989156057
Q01650,Large neutral amino acids transporter small subunit 1,0.853096454
Q03518,Antigen peptide transporter 1,0.967869751
Q03519,Antigen peptide transporter 2,0.846970174
Q04656,Copper-transporting ATPase 1,0.938869779
Q08357,Sodium-dependent phosphate transporter 2,0.943926646
Q12767,Uncharacterized protein KIAA0195,0.777285575
Q12893,Transmembrane protein 115,0.934548645
Q13488,V-type proton ATPase 116 kDa subunit a isoform 3,1.100930497
Q13733,Sodium/potassium-transporting ATPase subunit alpha-4,0.12680177
Q14534,Squalene monooxygenase,0.611334793
Q14573,"Inositol 1,4,5-trisphosphate receptor type 3",1.223869798
Q14739,Lamin-B receptor,0.881029543
Q14849,StAR-related lipid transfer protein 3,1.227203786
Q15005,Signal peptidase complex subunit 2,1.086936166
Q15125,"3-beta-hydroxysteroid-Delta(8),Delta(7)-isomerase",0.978808446
Q15758,Neutral amino acid transporter B(0),0.598737807
Q2PZI1,Protein dpy-19 homolog 1,1.323662216
Q4KMQ2,Anoctamin-6,1.199068111
Q53GQ0,Estradiol 17-beta-dehydrogenase 12,0.891516846
Q5K4L6,Long-chain fatty acid transport protein 3,0.947454066
Q5T3U5,Multidrug resistance-associated protein 7,0.780225991
Q5T4S7,E3 ubiquitin-protein ligase UBR4,0.966978705
Q5W0Z9,Probable palmitoyltransferase ZDHHC20,1.02532455
Q68CP4,Heparan-alpha-glucosaminide N-acetyltransferase,1.029952717
Q68DH5,LMBR1 domain-containing protein 2,1.184523693
Q6DD88,Atlastin-3,0.977556659
Q6P1A2,Lysophospholipid acyltransferase 5,0.969060804
Q6PJF5,Rhomboid family member 2,1.634796114
Q7Z3C6,Autophagy-related protein 9A,1.021394291
Q7Z403,Transmembrane channel-like protein 6,1.022813569
Q86VR2,Protein FAM134C,1.030124301
Q8IU68,Transmembrane channel-like protein 8,0.939735346
Q8IVB4,Sodium/hydrogen exchanger 9,0.856230021
Q8IWT6,Leucine-rich repeat-containing protein 8A,1.013814036
Q8IXU6,Solute carrier family 35 member F2,1.424585305
Q8IY95,Transmembrane protein 192,0.855146425
Q8N4L2,Transmembrane protein 55A,1.294636495
Q8N697,Solute carrier family 15 member 4,0.926178375
Q8NB49,Probable phospholipid-transporting ATPase IG,1.024057949
Q8NBW4,Putative sodium-coupled neutral amino acid transporter 9,0.884042995
Q8NCG7,Sn1-specific diacylglycerol lipase beta,0.911341694
Q8NE71,ATP-binding cassette sub-family F member 1,0.772885358
Q8NEW0,Zinc transporter 7,0.902516111
Q8NG11,Tetraspanin-14,1.356528319
Q8NHS3,Major facilitator superfamily domain-containing protein 8,0.739193478
Q8TAA9,Vang-like protein 1,0.931405726
Q8TAD4,Zinc transporter 5,0.647183135
Q8TCJ2,Dolichyl-diphosphooligosaccharide--protein glycosyltransferase subunit STT3B,1.099268859
Q8TCT9,Minor histocompatibility antigen H13,0.84664058
Q8TDW0,Leucine-rich repeat-containing protein 8C,1.212285215
Q8TF71,Monocarboxylate transporter 10,0.801076679
Q8WUD6,Cholinephosphotransferase 1,1.153566356
Q8WUM9,Sodium-dependent phosphate transporter 1,1.099438209
Q8WUX1,Sodium-coupled neutral amino acid transporter 5,0.835310923
Q8WWI5,Choline transporter-like protein 1,0.983110796
Q92536,Y+L amino acid transporter 2,0.963273216
Q92685,Dolichyl-P-Man:Man(5)GlcNAc(2)-PP-dolichyl mannosyltransferase,0.783537102
Q93050,V-type proton ATPase 116 kDa subunit a isoform 1,1.044194583
Q93084,Sarcoplasmic/endoplasmic reticulum calcium ATPase 3,0.909390631
Q969M3,Protein YIPF5,0.997677155
Q969X5,Endoplasmic reticulum-Golgi intermediate compartment protein 1,1.261667836
Q96A54,Adiponectin receptor protein 1,1.120053772
Q96A57,UPF0414 transmembrane protein C20orf30,0.545933352
Q96AA3,Protein RFT1 homolog,0.730663486
Q96BD0,Solute carrier organic anion transporter family member 4A1,1.369157646
Q96D96,Voltage-gated hydrogen channel 1,1.245943069
Q96ER9,Coiled-coil domain-containing protein 51,0.837694974
Q96FZ5,CKLF-like MARVEL transmembrane domain-containing protein 7,1.025087515
Q96G23,LAG1 longevity assurance homolog 2,0.721982378
Q96K37,Solute carrier family 35 member E1,1.059681149
Q96QD8,Sodium-coupled neutral amino acid transporter 2,0.829505086
Q96RD7,Pannexin-1,0.999737574
Q96S52,GPI transamidase component PIG-S,1.38282451
Q96S66,Chloride channel CLIC-like protein 1,1.036416023
Q99808,Equilibrative nucleoside transporter 1,0.994888918
Q9BSA9,Transmembrane protein 175,0.922285455
Q9BSJ8,Extended synaptotagmin-1,1.004497504
Q9BTV4,Transmembrane protein 43,1.335397342
Q9BU23,Lipase maturation factor 2,1.13982231
Q9BUN8,Derlin-1,0.810765318
Q9BVC6,Transmembrane protein 109,0.975808602
Q9BVT8,Transmembrane and ubiquitin-like domain-containing protein 1,1.041406762
Q9BW72,HIG1 domain family member 2A,1.233701343
Q9BXP2,Solute carrier family 12 member 9,1.195649041
Q9BXS9,Solute carrier family 26 member 6,0.958421737
Q9C0B5,Probable palmitoyltransferase ZDHHC5,0.985030345
Q9C0E8,Protein lunapark,0.878846272
Q9C0K1,Zinc transporter ZIP8,1.515946532
Q9GZP9,Derlin-2,1.15411592
Q9H0U3,Magnesium transporter protein 1,1.079292081
Q9H2H9,Sodium-coupled neutral amino acid transporter 1,0.791455804
Q9H3U5,Major facilitator superfamily domain-containing protein 1,1.326621022
Q9H490,Phosphatidylinositol glycan anchor biosynthesis class U protein,0.966965524
Q9H6A9,Pecanex-like protein 3,1.162914207
Q9HAB3,Riboflavin transporter 3,0.933508697
Q9HCJ1,Progressive ankylosis protein homolog,0.762042197
Q9HD20,Probable cation-transporting ATPase 13A1,0.884123458
Q9NPL8,Transmembrane protein C3orf1,0.870414073
Q9NQ11,Probable cation-transporting ATPase 13A2,0.974482745
Q9NQC3,Reticulon-4,1.099579954
Q9NR82,Potassium voltage-gated channel subfamily KQT member 5,0.926287049
Q9NTJ5,Phosphatidylinositide phosphatase SAC1,0.98640205
Q9NUQ2,1-acyl-sn-glycerol-3-phosphate acyltransferase epsilon,0.680950098
Q9NV96,Cell cycle control protein 50A,1.09921701
Q9NY35,Claudin domain-containing protein 1,0.996844547
Q9NZ01,"Trans-2,3-enoyl-CoA reductase",0.849459606
Q9P035,3-hydroxyacyl-CoA dehydratase 3,1.012042391
Q9P241,Probable phospholipid-transporting ATPase VD,0.941138412
Q9UBH6,Xenotropic and polytropic retrovirus receptor 1,1.135923731
Q9UBM7,7-dehydrocholesterol reductase,0.925374183
Q9UBU6,Protein FAM8A1,1.26520104
Q9ULQ1,Two pore calcium channel protein 1,0.794529124
Q9UP95,Solute carrier family 12 member 4,1.42628892
Q9Y289,Sodium-dependent multivitamin transporter,1.155162254
Q9Y3E0,Vesicle transport protein GOT1B,0.864607006
Q9Y487,V-type proton ATPase 116 kDa subunit a isoform 2,0.955268928
Q9Y5U9,Immediate early response 3-interacting protein 1,0.957349839
Q9Y5Y0,Feline leukemia virus subgroup C receptor-related protein 1,1.367625299
Q9Y5Z9,UbiA prenyltransferase domain-containing protein 1,1.079977061
Q9Y666,Solute carrier family 12 member 7,1.138066845
Q9Y6A9,Signal peptidase complex subunit 1,1.538542772
Q9Y6K0,Choline/ethanolaminephosphotransferase 1,0.946724879
Q9Y6M5,Zinc transporter 1,1.078233342
Q9Y6M7,Sodium bicarbonate cotransporter 3,0.930396268
Q9Y6R1,Electrogenic sodium bicarbonate cotransporter 1,1.152258701
P04844,Dolichyl-diphosphooligosaccharide--protein glycosyltransferase subunit 2,1.027964882
Q8NBN3,Transmembrane protein 87A,1.126674844
Q9HD45,Transmembrane 9 superfamily member 3,1.094537235
P48960,CD97 antigen,1.12766869
Q08722,Leukocyte surface antigen CD47,1.152095747
Q15043,Zinc transporter ZIP14,1.336067542
Q5T9L3,Protein wntless homolog,1.741720404
Q86UL3,Glycerol-3-phosphate acyltransferase 4,0.956357073
Q92544,Transmembrane 9 superfamily member 4,1.183292066
Q9UHX3,EGF-like module-containing mucin-like hormone receptor-like 2,0.96556604
O00299,Chloride intracellular channel protein 1,1.061841173
O00541,Pescadillo homolog,0.87118047
O00571,ATP-dependent RNA helicase DDX3X,1.091617405
O43290,U4/U6.U5 tri-snRNP-associated protein 1,1.155814072
O43566,Regulator of G-protein signaling 14,1.135598474
O43660,Pleiotropic regulator 1,1.108727628
O43681,ATPase ASNA1,1.289116708
O75340,Programmed cell death protein 6,0.981542124
P06733,Alpha-enolase,1.102735346
P08865,40S ribosomal protein SA,1.086276941
P23246,"Splicing factor, proline- and glutamine-rich",1.058330244
P25205,DNA replication licensing factor MCM3,1.099652305
P26599,Polypyrimidine tract-binding protein 1,1.064188768
P27694,Replication protein A 70 kDa DNA-binding subunit,1.759576789
P42224,Signal transducer and activator of transcription 1-alpha/beta,1.094927553
P43243,Matrin-3,0.967764575
P49720,Proteasome subunit beta type-3,1.222179242
P49790,Nuclear pore complex protein Nup153,1.144377629
P50402,Emerin,0.973656709
P55265,Double-stranded RNA-specific adenosine deaminase,1.887612767
P55786,Puromycin-sensitive aminopeptidase,1.29124937
Q01780,Exosome component 10,1.136318788
Q09666,Neuroblast differentiation-associated protein AHNAK,1.060485564
Q13501,Sequestosome-1,0.91415995
Q15029,116 kDa U5 small nuclear ribonucleoprotein component,1.089731556
Q15306,Interferon regulatory factor 4,1.19791559
Q15365,Poly(rC)-binding protein 1,1.073751666
Q29RF7,Sister chromatid cohesion protein PDS5 homolog A,1.086348844
Q5M775,Cytospin-B,1.259585032
Q7KZF4,Staphylococcal nuclease domain-containing protein 1,0.99733341
Q86V81,THO complex subunit 4,0.983780156
Q86VP6,Cullin-associated NEDD8-dissociated protein 1,1.106196567
Q99959,Plakophilin-2,0.943774805
Q9BUP3,Oxidoreductase HTATIP2,0.908556488
Q9BVP2,Guanine nucleotide-binding protein-like 3,0.917106772
Q9NRG9,Aladin,0.967784826
Q9NU22,Midasin,1.191459401
Q9Y224,UPF0568 protein C14orf166,0.982655421
Q9Y265,RuvB-like 1,0.989681986
Q9Y2X3,Nucleolar protein 58,1.324258318
O00116,"Alkyldihydroxyacetonephosphate synthase, peroxisomal",0.774154763
O14734,"Acyl-coenzyme A thioesterase 8, peroxisomes",0.743727274
P01834,Ig kappa chain C region,0.842363678
P05997,Collagen alpha-2(V) chain,0.263781205
P07237,Protein disulfide-isomerase,1.014006968
P07602,Proactivator polypeptide,0.825800087
P07686,Beta-hexosaminidase subunit beta,0.852518005
P13667,Protein disulfide-isomerase A4,1.008251362
P13987,CD59 glycoprotein,1.206379489
P14314,Glucosidase 2 subunit beta,0.960812923
P14625,Endoplasmin,0.974290162
P16278,Beta-galactosidase,0.695296984
P23284,Peptidyl-prolyl cis-trans isomerase B,0.810468577
P27797,Calreticulin,0.85444318
P30040,Endoplasmic reticulum resident protein 29,0.828468103
P30101,Protein disulfide-isomerase A3,0.884361497
P53634,Dipeptidyl peptidase 1,0.98623769
P61769,Beta-2-microglobulin,1.159520996
P80303,Nucleobindin-2,1.05547327
Q13438,Protein OS-9,0.896368282
Q14554,Protein disulfide-isomerase A5,1.055080923
Q15293,Reticulocalbin-1,1.16480005
Q8NBQ5,Estradiol 17-beta-dehydrogenase 11,0.873148941
Q8NBS9,Thioredoxin domain-containing protein 5,0.724261411
Q8NDZ4,UPF0672 protein C3orf58,1.19090114
Q8WU39,Plasma cell-induced resident endoplasmic reticulum protein,0.827971832
Q92520,Protein FAM3C,0.835734498
Q92820,Gamma-glutamyl hydrolase,1.364322495
Q96CG8,Collagen triple helix repeat-containing protein 1,1.137844635
Q96DX4,RING finger and SPRY domain-containing protein 1,0.849007777
Q99674,Cell growth regulator with EF hand domain protein 1,0.969408934
Q9NYU2,UDP-glucose:glycoprotein glucosyltransferase 1,1.006810514
Q9Y394,Dehydrogenase/reductase SDR family member 7,0.858230876
Q9Y4L1,Hypoxia up-regulated protein 1,0.881278365
Q9Y6M0,Testisin,1.107154776
O00478,Butyrophilin subfamily 3 member A3,1.174698334
O15031,Plexin-B2,0.927055402
O15533,Tapasin,1.018739707
O60462,Neuropilin-2,0.761153079
O75787,Renin receptor,1.909716661
O75882,Attractin,0.892370375
O75976,Carboxypeptidase D,0.720207796
P01130,Low-density lipoprotein receptor,1.286660067
P04439,"HLA class I histocompatibility antigen, A-3 alpha chain",1.508699343
P04843,Dolichyl-diphosphooligosaccharide--protein glycosyltransferase subunit 1,0.977423333
P05067,Amyloid beta A4 protein,0.910418612
P06213,Insulin receptor,1.02827961
P10586,Receptor-type tyrosine-protein phosphatase F,0.943388063
P10721,Mast/stem cell growth factor receptor,1.874067906
P11717,Cation-independent mannose-6-phosphate receptor,0.881576457
P13473,Lysosome-associated membrane glycoprotein 2,1.811691959
P15151,Poliovirus receptor,0.896646197
P16150,Leukosialin,0.747457493
P18433,Receptor-type tyrosine-protein phosphatase alpha,1.035412915
P19022,Cadherin-2,1.384946102
P19256,Lymphocyte function-associated antigen 3,1.571595604
P20333,Tumor necrosis factor receptor superfamily member 1B,1.163361828
P20645,Cation-dependent mannose-6-phosphate receptor,1.096646773
P26010,Integrin beta-7,1.045924736
P27824,Calnexin,0.954341303
P28067,"HLA class II histocompatibility antigen, DM alpha chain",1.860889707
P29320,Ephrin type-A receptor 3,0.931452225
P29323,Ephrin type-B receptor 2,1.054405477
P32942,Intercellular adhesion molecule 3,0.938854965
P34741,Syndecan-2,1.114170528
P34910,Protein EVI2B,1.129562074
P35613,Basigin,0.940240078
P39656,Dolichyl-diphosphooligosaccharide--protein glycosyltransferase 48 kDa subunit,1.000318441
P43121,Cell surface glycoprotein MUC18,1.054559518
P43307,Translocon-associated protein subunit alpha,1.007794423
P49755,Transmembrane emp24 domain-containing protein 10,1.150266212
P51571,Translocon-associated protein subunit delta,0.998592604
P51572,B-cell receptor-associated protein 31,0.832432832
P78357,Contactin-associated protein 1,0.989766382
Q02223,Tumor necrosis factor receptor superfamily member 17,0.99174104
Q04721,"Neurogenic locus notch homolog protein 2, NOTCH2",0.860592361
Q06481,Amyloid-like protein 2,0.921440151
Q12907,Vesicular integral-membrane protein VIP36,0.855800017
Q13444,Disintegrin and metalloproteinase domain-containing protein 15,0.734393727
Q13445,Transmembrane emp24 domain-containing protein 1,1.209011311
Q13586,Stromal interaction molecule 1,0.994636847
Q14114,Low-density lipoprotein receptor-related protein 8,1.272453806
Q14165,Malectin,1.249809958
Q15363,Transmembrane emp24 domain-containing protein 2,1.104046164
Q15392,24-dehydrocholesterol reductase,1.47110988
Q5SGD2,Protein phosphatase 1L,1.170922909
Q6GTX8,Leukocyte-associated immunoglobulin-like receptor 1,1.249831414
Q7KYR7,Butyrophilin subfamily 2 member A1,1.454931021
Q7Z7H5,Transmembrane emp24 domain-containing protein 4,1.160458977
Q8IUW5,RELT-like protein 1,0.973716938
Q8IW52,SLIT and NTRK-like protein 4,1.16465065
Q8IYS2,Uncharacterized protein KIAA2013,1.221560551
Q8NC42,E3 ubiquitin-protein ligase RNF149,1.129936444
Q8NFY4,Semaphorin-6D,0.582242367
Q8TB96,T-cell immunomodulatory protein,1.769373073
Q8TCZ2,CD99 antigen-like protein 2,0.839200879
Q8TD46,Cell surface glycoprotein CD200 receptor 1,1.197300807
Q92896,Golgi apparatus protein 1,0.633160921
Q969P0,Immunoglobulin superfamily member 8,0.89299779
Q969V3,Nicalin,0.911183021
Q96A33,Coiled-coil domain-containing protein 47,0.929033252
Q96KC8,DnaJ homolog subfamily C member 1,0.827745556
Q9BUR5,Apolipoprotein O,0.236709887
Q9BVK6,Transmembrane emp24 domain-containing protein 9,1.227217773
Q9H3N1,Thioredoxin-related transmembrane protein 1,0.906308559
Q9NPF0,CD320 antigen,0.678689502
Q9P0K1,Disintegrin and metalloproteinase domain-containing protein 22,0.748262554
Q9UBV2,Protein sel-1 homolog 1,1.106394415
Q9UIW2,Plexin-A1,0.858333199
Q9Y320,Thioredoxin-related transmembrane protein 2,0.768345298
Q9Y3A6,Transmembrane emp24 domain-containing protein 5,1.30159169
Q9Y3B3,Transmembrane emp24 domain-containing protein 7,1.106056633
Q9Y3Q3,Transmembrane emp24 domain-containing protein 3,0.906757177
Q9Y4D7,Plexin-D1,1.23641205
Q9Y624,Junctional adhesion molecule A,0.825594178
Q9Y639,Neuroplastin,0.951601057
Q9Y6N7,Roundabout homolog 1,1.210618634
O15270,Serine palmitoyltransferase 2,0.85683686
O94766,Galactosylgalactosylxylosylprotein 3-beta-glucuronosyltransferase 3,1.391246295
O95870,Protein BAT5,0.807950649
P07099,Epoxide hydrolase 1,0.896635405
P08195,4F2 cell-surface antigen heavy chain,0.735320346
P61009,Signal peptidase complex subunit 3,1.373973117
P67812,Signal peptidase complex catalytic subunit SEC11A,1.300492468
Q10469,"Alpha-1,6-mannosyl-glycoprotein 2-beta-N-acetylglucosaminyltransferase",0.969734843
Q10471,Polypeptide N-acetylgalactosaminyltransferase 2,0.829643521
Q10589,Bone marrow stromal antigen 2,0.956535528
Q14435,Polypeptide N-acetylgalactosaminyltransferase 3,1.349091209
Q15738,"Sterol-4-alpha-carboxylate 3-dehydrogenase, decarboxylating",1.14240405
Q5JTV8,Torsin-1A-interacting protein 1,1.035561056
Q68CQ7,Glycosyltransferase 8 domain-containing protein 1,0.355717505
Q6PIU2,Neutral cholesterol ester hydrolase 1,1.243084432
Q7LGA3,Heparan sulfate 2-O-sulfotransferase 1,1.298652688
Q86SF2,N-acetylgalactosaminyltransferase 7,0.981067588
Q8IV08,Phospholipase D3,0.939482221
Q8NF37,Lysophosphatidylcholine acyltransferase 1,0.998992584
Q96AG4,Leucine-rich repeat-containing protein 59,0.876357681
Q9BT22,"Chitobiosyldiphosphodolichol beta-mannosyltransferase, ALG1",0.839563823
Q9BXN2,C-type lectin domain family 7 member A,0.857096246
Q9HDC9,Adipocyte plasma membrane-associated protein,0.911974879
Q9P0I2,Transmembrane protein 111,0.762332658
Q9Y5M8,Signal recognition particle receptor subunit beta,0.568595668
Q9Y5Y6,Suppressor of tumorigenicity 14 protein,1.087794562
Q9Y673,Dolichyl-phosphate beta-glucosyltransferase,0.767286094
O00264,Membrane-associated progesterone receptor component 1,0.989556036
O00559,Receptor-binding cancer antigen expressed on SiSo cells,0.996141697
O15173,Membrane-associated progesterone receptor component 2,0.85684002
O15269,Serine palmitoyltransferase 1,0.890094533
O95573,Long-chain-fatty-acid--CoA ligase 3,1.05041868
P21964,Catechol O-methyltransferase,0.90329528
Q15904,V-type proton ATPase subunit S1,1.241475091
Q16850,Lanosterol 14-alpha demethylase,0.762034514
Q6UW02,Cytochrome P450 20A1,0.483450402
Q86UE4,Protein LYRIC,0.863821823
Q8N2F6,Armadillo repeat-containing protein 10,0.832435655
Q8TC12,Retinol dehydrogenase 11,0.906108036
Q8WVX9,Fatty acyl-CoA reductase 1,0.897612661
Q96HY6,DDRGK domain-containing protein 1,0.834682595
Q9H400,Lck-interacting transmembrane adapter 1,0.789870106
Q9H7Z7,Prostaglandin E synthase 2,1.04480374
Q9H8H3,Methyltransferase-like protein 7A,0.817372382
Q9NWQ8,Phosphoprotein associated with glycosphingolipid-enriched microdomains 1,1.131208871
Q9UHQ9,NADH-cytochrome b5 reductase 1,0.927929606
Q9ULC5,Long-chain-fatty-acid--CoA ligase 5,0.961985147
Q9UM00,Transmembrane and coiled-coil domain-containing protein 1,0.814579526
Q9Y679,Ancient ubiquitous protein 1,0.931605378
O14653,Golgi SNAP receptor complex member 2,0.779640286
O14662,Syntaxin-16,1.078729185
O15400,Syntaxin-7,1.056671071
O43752,Syntaxin-6,1.026052189
O75396,Vesicle-trafficking protein SEC22b,0.859385016
O75558,Syntaxin-11,0.953862572
O95159,Zinc finger protein-like 1,0.900077463
O95249,Golgi SNAP receptor complex member 1,0.977962478
O95292,Vesicle-associated membrane protein-associated protein B/C,1.14531091
O96011,Peroxisomal membrane protein 11B,0.623851089
P32856,Syntaxin-2,0.828890038
P51648,Fatty aldehyde dehydrogenase,0.992535123
P60468,Protein transport protein Sec61 subunit beta,0.441106194
Q12846,Syntaxin-4,0.978104779
Q13190,Syntaxin-5,1.010658645
Q13948,Protein CASP,0.932921328
Q86Y82,Syntaxin-12,1.123503069
Q8TBA6,Golgin subfamily A member 5,0.832734548
Q96A26,Protein FAM162A,0.990037493
Q9BV40,Vesicle-associated membrane protein 8,0.909923133
Q9HCU5,Prolactin regulatory element-binding protein,1.041180072
Q9P0L0,Vesicle-associated membrane protein-associated protein A,1.10849801
Q9UEU0,Vesicle transport through interaction with t-SNAREs homolog 1B,1.102735346
Q9UNK0,Syntaxin-8,1.143889678
A2RRP1,Neuroblastoma-amplified sequence,1.272570974
P27105,Erythrocyte band 7 integral membrane protein,0.786071024
P30154,Serine/threonine-protein phosphatase 2A 65 kDa regulatory subunit A beta isoform,1.423291564
P37802,Transgelin-2,1.204437222
P38606,V-type proton ATPase catalytic subunit A,0.920620307
P51659,Peroxisomal multifunctional enzyme type 2,1.093727089
P53992,Protein transport protein Sec24C,1.078151734
P55327,Tumor protein D52,1.075151593
Q01518,Adenylyl cyclase-associated protein 1,1.105816668
Q13555,Calcium/calmodulin-dependent protein kinase type II subunit gamma,1.382394481
Q13795,ADP-ribosylation factor-related protein 1,1.5046578
Q56VL3,OCIA domain-containing protein 2,0.88757887
Q5T0D9,Tumor protein p63-regulated gene 1-like protein,1.192945651
Q92572,AP-3 complex subunit sigma-1,1.376782432
Q96FN4,Copine-2,1.159692089
Q96GS4,Uncharacterized protein C17orf59,1.383291152
Q9BRT2,Uncharacterized protein C6orf125,0.917573839
Q9BXS5,AP-1 complex subunit mu-1,1.232469352
Q9BZF1,Oxysterol-binding protein-related protein 8,1.208618738
Q9NRW7,Vacuolar protein sorting-associated protein 45,1.067485156
Q9NRY5,Protein FAM114A2,0.926048222
Q9NUQ9,Protein FAM49B,1.101595705
Q9NZW5,MAGUK p55 subfamily member 6,1.03728286
Q9UI12,V-type proton ATPase subunit H,0.977116467
Q9Y2Q5,Mitogen-activated protein-binding protein-interacting protein,1.135693656
Q9Y6E2,Basic leucine zipper and W2 domain-containing protein 2,1.104624137