Accession,Entry name,Protein names,Gene names,Length,
A0PJZ3,GXLT2_HUMAN,Glucoside xylosyltransferase 2 (EC 2.4.2.n2) (Glycosyltransferase 8 domain-containing protein 4),GXYLT2 GLT8D4,443,SKAAALLLLALAALLLALLSL
A6NGU5,GGT3_HUMAN,Putative gamma-glutamyltranspeptidase 3 (GGT 3) (EC 2.3.2.2) (Gamma-glutamyltransferase 3) [Cleaved into: Putative gamma-glutamyltranspeptidase 3 heavy chain; Putative gamma-glutamyltranspeptidase 3 light chain],GGT3P GGT3,568,LVVLGLLAVVLVLVIVGLCLWL
A6NLE4,CE050_HUMAN,Uncharacterized protein C5orf50,C5orf50,156,LLALLILVLYLSTEIWG
A8MXE2,YI036_HUMAN,"Putative UDP-GlcNAc:betaGal beta-1,3-N-acetylglucosaminyltransferase LOC402377 (EC 2.4.1.-)",,369,WCFILFNVILFHALLFGTDFV
D3W0D1,KLRF2_HUMAN,Killer cell lectin-like receptor subfamily F member 2 (Lectin-like receptor F2) (Activating coreceptor NKp65),KLRF2,207,YYCLLLIFGCIVILIFIMTGI
O00461,GOLI4_HUMAN,"Golgi integral membrane protein 4 (Golgi integral membrane protein, cis) (GIMPc) (Golgi phosphoprotein 4) (Golgi-localized phosphoprotein of 130 kDa) (Golgi phosphoprotein of 130 kDa)",GOLIM4 GIMPC GOLPH4 GPP130,696,IFQTLLLLTVVFGFLYGAMLY
O00587,MFNG_HUMAN,"Beta-1,3-N-acetylglucosaminyltransferase manic fringe (EC 2.4.1.222) (O-fucosylpeptide 3-beta-N-acetylglucosaminyltransferase)",MFNG,321,GLAGALLTLLCMGLLCLRYH
O14638,ENPP3_HUMAN,Ectonucleotide pyrophosphatase/phosphodiesterase family member 3 (E-NPP 3) (Phosphodiesterase I beta) (PD-Ibeta) (Phosphodiesterase I/nucleotide pyrophosphatase 3) (CD antigen CD203c) [Includes: Alkaline phosphodiesterase I (EC 3.1.4.1); Nucleotide pyrophosphatase (NPPase) (EC 3.6.1.9)],ENPP3 PDNP3,875,PVKKNTLKKYKIACIVLLA
O14788,TNF11_HUMAN,"Tumor necrosis factor ligand superfamily member 11 (Osteoclast differentiation factor) (ODF) (Osteoprotegerin ligand) (OPGL) (Receptor activator of nuclear factor kappa-B ligand) (RANKL) (TNF-related activation-induced cytokine) (TRANCE) (CD antigen CD254) [Cleaved into: Tumor necrosis factor ligand superfamily member 11, membrane form; Tumor necrosis factor ligand superfamily member 11, soluble form]",TNFSF11 OPGL RANKL TRANCE,317,MFVALLGLGLGQVVCSVALFF
O15162,PLS1_HUMAN,Phospholipid scramblase 1 (PL scramblase 1) (Ca(2+)-dependent phospholipid scramblase 1) (Erythrocyte phospholipid scramblase) (MmTRA1b),PLSCR1,318,MKAVMIGACFLIDFMFF
O15393,TMPS2_HUMAN,Transmembrane protease serine 2 (EC 3.4.21.-) (Serine protease 10) [Cleaved into: Transmembrane protease serine 2 non-catalytic chain; Transmembrane protease serine 2 catalytic chain],TMPRSS2 PRSS10,492,LCITLTLGTFLVGAALAAGLL
O15466,SIA8E_HUMAN,"Alpha-2,8-sialyltransferase 8E (EC 2.4.99.-) (Sialyltransferase 8E) (SIAT8-E) (Sialytransferase St8Sia V) (ST8SiaV)",ST8SIA5 SIAT8E,376,LLFIFICAFALVTLLQQILYG
O43173,SIA8C_HUMAN,"Sia-alpha-2,3-Gal-beta-1,4-GlcNAc-R:alpha 2,8-sialyltransferase (EC 2.4.99.-) (Alpha-2,8-sialyltransferase 8C) (Alpha-2,8-sialyltransferase III) (ST8 alpha-N-acetyl-neuraminide alpha-2,8-sialyltransferase 3) (Sialyltransferase 8C) (SIAT8-C) (Sialytransferase St8Sia III) (ST8SiaIII)",ST8SIA3 SIAT8C,380,ASVLGLVMLSVALLILSLISYVSL
O43286,B4GT5_HUMAN,"Beta-1,4-galactosyltransferase 5 (Beta-1,4-GalTase 5) (Beta4Gal-T5) (b4Gal-T5) (EC 2.4.1.-) (Beta-1,4-GalT II) (UDP-Gal:beta-GlcNAc beta-1,4-galactosyltransferase 5) (UDP-galactose:beta-N-acetylglucosamine beta-1,4-galactosyltransferase 5)",B4GALT5,388,LLAALFFFSLSSSLLYFVYVA
O43451,MGA_HUMAN,"Maltase-glucoamylase, intestinal [Includes: Maltase (EC 3.2.1.20) (Alpha-glucosidase); Glucoamylase (EC 3.2.1.3) (Glucan 1,4-alpha-glucosidase)]",MGAM MGA MGAML,1857,IVLSVLLLVLFIISIVLIVLL
O43505,B3GN1_HUMAN,"N-acetyllactosaminide beta-1,3-N-acetylglucosaminyltransferase (EC 2.4.1.149) (I-beta-1,3-N-acetylglucosaminyltransferase) (iGnT) (Poly-N-acetyllactosamine extension enzyme) (UDP-GlcNAc:betaGal beta-1,3-N-acetylglucosaminyltransferase 1)",B3GNT1 B3GNT6,415,CAFYQLLLAALMLVAMLQLLYLSLLSGL
O43508,TNF12_HUMAN,"Tumor necrosis factor ligand superfamily member 12 (APO3 ligand) (TNF-related weak inducer of apoptosis) (TWEAK) [Cleaved into: Tumor necrosis factor ligand superfamily member 12, membrane form; Tumor necrosis factor ligand superfamily member 12, secreted form]",TNFSF12 APO3L DR3LG UNQ181/PRO207,249,VPLALGLGLALACLGLLLAVV
O43529,CHSTA_HUMAN,Carbohydrate sulfotransferase 10 (EC 2.8.2.-) (HNK-1 sulfotransferase) (HNK-1ST) (HNK1ST) (HuHNK-1ST),CHST10,356,LLAACFWVIFMFMVASKFITL
O43557,TNF14_HUMAN,"Tumor necrosis factor ligand superfamily member 14 (Herpes virus entry mediator ligand) (HVEM-L) (Herpesvirus entry mediator ligand) (CD antigen CD258) [Cleaved into: Tumor necrosis factor ligand superfamily member 14, membrane form; Tumor necrosis factor ligand superfamily member 14, soluble form]",TNFSF14 HVEML LIGHT UNQ391/PRO726,240,VGLGLLLLLMGAGLAVQGWFL
O43736,ITM2A_HUMAN,Integral membrane protein 2A (Protein E25),ITM2A UNQ603/PRO1189,263,MLTLLGLSFILAGLIVGGACI
O43825,B3GT2_HUMAN,"Beta-1,3-galactosyltransferase 2 (Beta-1,3-GalTase 2) (Beta3Gal-T2) (Beta3GalT2) (EC 2.4.1.-) (UDP-galactose:2-acetamido-2-deoxy-D-glucose 3beta-galactosyltransferase 2)",B3GALT2,422,THLIGVLSLVFLFAMFLFFNH
O43889,CREB3_HUMAN,Cyclic AMP-responsive element-binding protein 3 (CREB-3) (cAMP-responsive element-binding protein 3) (Luman) (Transcription factor LZIP-alpha) [Cleaved into: Processed cyclic AMP-responsive element-binding protein 3],CREB3 LZIP,395,ILVLLVSFCLLLVPAMY
O43908,NKG2F_HUMAN,NKG2-F type II integral membrane protein (NK cell receptor F) (NKG2-F-activating NK receptor),KLRC4 NKG2F,158,VLGIICIVLMATVLKTIVLIP
O43909,EXTL3_HUMAN,Exostosin-like 3 (EC 2.4.1.223) (EXT-related protein 1) (Glucuronyl-galactosyl-proteoglycan 4-alpha-N-acetylglucosaminyltransferase) (Hereditary multiple exostoses gene isolog) (Multiple exostosis-like protein 3) (Putative tumor suppressor protein EXTL3),EXTL3 EXTL1L EXTR1 KIAA0519,919,WLSFTLFVILVFFPLIAHYYL
O43916,CHST1_HUMAN,Carbohydrate sulfotransferase 1 (EC 2.8.2.21) (Galactose/N-acetylglucosamine/N-acetylglucosamine 6-O-sulfotransferase 1) (GST-1) (Keratan sulfate Gal-6 sulfotransferase) (KS6ST) (KSGal6ST) (KSST),CHST1,411,CSWKAVLLLALASIAIQYTAI
O60235,TM11D_HUMAN,Transmembrane protease serine 11D (EC 3.4.21.-) (Airway trypsin-like protease) [Cleaved into: Transmembrane protease serine 11D non-catalytic chain; Transmembrane protease serine 11D catalytic chain],TMPRSS11D HAT,418,FIVVAGVVILAVTIALLVYFL
O60243,H6ST1_HUMAN,Heparan-sulfate 6-O-sulfotransferase 1 (HS6ST-1) (EC 2.8.2.-),HS6ST1 HS6ST,411,FVLVVAGSVCFMLILYQYAG
O60344,ECE2_HUMAN,Endothelin-converting enzyme 2 (ECE-2) [Includes: Methyltransferase-like region (EC 2.1.1.-); Endothelin-converting enzyme 2 region (EC 3.4.24.71)],ECE2 KIAA0604 UNQ403/PRO740,883,LVLAGASLLLAALLLGCLVAL
O60476,MA1A2_HUMAN,"Mannosyl-oligosaccharide 1,2-alpha-mannosidase IB (EC 3.2.1.113) (Mannosidase alpha class 1A member 2) (Processing alpha-1,2-mannosidase IB) (Alpha-1,2-mannosidase IB)",MAN1A2 MAN1B,641,FILLLILSAFITLCFGAFFFL
O60507,TPST1_HUMAN,Protein-tyrosine sulfotransferase 1 (EC 2.8.2.20) (Tyrosylprotein sulfotransferase 1) (TPST-1),TPST1,370,LLLACLVISSVTVFYLG
O60512,B4GT3_HUMAN,"Beta-1,4-galactosyltransferase 3 (Beta-1,4-GalTase 3) (Beta4Gal-T3) (b4Gal-T3) (EC 2.4.1.-) (UDP-Gal:beta-GlcNAc beta-1,4-galactosyltransferase 3) (UDP-galactose:beta-N-acetylglucosamine beta-1,4-galactosyltransferase 3) [Includes: N-acetyllactosamine synthase (EC 2.4.1.90) (Nal synthase); Beta-N-acetylglucosaminylglycopeptide beta-1,4-galactosyltransferase (EC 2.4.1.38); Beta-N-acetylglucosaminyl-glycolipid beta-1,4-galactosyltransferase (EC 2.4.1.-)]",B4GALT3,393,TLALLVGSQLAVMMYLSLGGF
O60513,B4GT4_HUMAN,"Beta-1,4-galactosyltransferase 4 (Beta-1,4-GalTase 4) (Beta4Gal-T4) (b4Gal-T4) (EC 2.4.1.-) (UDP-Gal:beta-GlcNAc beta-1,4-galactosyltransferase 4) (UDP-galactose:beta-N-acetylglucosamine beta-1,4-galactosyltransferase 4) [Includes: N-acetyllactosamine synthase (EC 2.4.1.90) (Nal synthase); Beta-N-acetylglucosaminyl-glycolipid beta-1,4-galactosyltransferase (EC 2.4.1.-)]",B4GALT4 UNQ552/PRO1109,344,FRLLLLLTLCLTVVGWATSNYFVGAI
O60704,TPST2_HUMAN,Protein-tyrosine sulfotransferase 2 (EC 2.8.2.20) (Tyrosylprotein sulfotransferase 2) (TPST-2),TPST2,377,LLAAGCALVLVLAVQLG
O60909,B4GT2_HUMAN,"Beta-1,4-galactosyltransferase 2 (Beta-1,4-GalTase 2) (Beta4Gal-T2) (b4Gal-T2) (EC 2.4.1.-) (UDP-Gal:beta-GlcNAc beta-1,4-galactosyltransferase 2) (UDP-galactose:beta-N-acetylglucosamine beta-1,4-galactosyltransferase 2) [Includes: Lactose synthase A protein (EC 2.4.1.22); N-acetyllactosamine synthase (EC 2.4.1.90) (Nal synthase); Beta-N-acetylglucosaminylglycopeptide beta-1,4-galactosyltransferase (EC 2.4.1.38); Beta-N-acetylglucosaminyl-glycolipid beta-1,4-galactosyltransferase (EC 2.4.1.-)]",B4GALT2,372,VLLLCLLHFLVAVILYFDVYA
O75063,XYLK_HUMAN,Glycosaminoglycan xylosylkinase (EC 2.7.1.-) (Protein FAM20B) (Xylose kinase),FAM20B KIAA0475,409,VVLLAILLVIFIFTKVFLI
O75072,FKTN_HUMAN,Fukutin (EC 2.-.-.-) (Fukuyama-type congenital muscular dystrophy protein),FKTN FCMD,461,VVLALLTLTSSAFLLFQLYYY
O75354,ENTP6_HUMAN,Ectonucleoside triphosphate diphosphohydrolase 6 (NTPDase 6) (EC 3.6.1.6) (CD39 antigen-like 2),ENTPD6 CD39L2 IL6ST2,484,VAKVAYPLGLCVGVFIYVAYI
O75477,ERLN1_HUMAN,Erlin-1 (Endoplasmic reticulum lipid raft-associated protein 1) (Protein KE04) (Stomatin-prohibitin-flotillin-HflC/K domain-containing protein 1) (SPFH domain-containing protein 1),ERLIN1 C10orf69 KE04 KEO4 SPFH1,346,VLVAAVVGLVAVLLYASIHKI
O75752,B3GL1_HUMAN,"UDP-GalNAc:beta-1,3-N-acetylgalactosaminyltransferase 1 (Beta-1,3-GalNAc-T1) (EC 2.4.1.79) (Beta-1,3-galactosyltransferase 3) (Beta-1,3-GalTase 3) (Beta3Gal-T3) (Beta3GalT3) (b3Gal-T3) (Beta-3-Gx-T3) (Galactosylgalactosylglucosylceramide beta-D-acetyl-galactosaminyltransferase) (Globoside synthase) (UDP-N-acetylgalactosamine:globotriaosylceramide beta-1,3-N-acetylgalactosaminyltransferase)",B3GALNT1 B3GALT3 UNQ531/PRO1074,331,SLLLLSLLSFFVMWYLSLPHYNV
O75900,MMP23_HUMAN,"Matrix metalloproteinase-23 (MMP-23) (EC 3.4.24.-) (Femalysin) (MIFR-1) (Matrix metalloproteinase-21) (MMP-21) (Matrix metalloproteinase-22) (MMP-22) [Cleaved into: Matrix metalloproteinase-23, soluble form]",MMP23A MMP21; MMP23B MMP21 MMP22,390,WLGAALVALCLLPALVLLARL
O75923,DYSF_HUMAN,Dysferlin (Dystrophy-associated fer-1-like protein) (Fer-1-like protein 1),DYSF FER1L1,2080,IILFIILFILLLFLAIFIYAF
O94766,B3GA3_HUMAN,"Galactosylgalactosylxylosylprotein 3-beta-glucuronosyltransferase 3 (EC 2.4.1.135) (Beta-1,3-glucuronyltransferase 3) (Glucuronosyltransferase I) (GlcAT-I) (UDP-GlcUA:Gal beta-1,3-Gal-R glucuronyltransferase) (GlcUAT-I)",B3GAT3,335,VFLAYFLVSIAGLLYALVQLG
O94901,SUN1_HUMAN,SUN domain-containing protein 1 (Protein unc-84 homolog A) (Sad1/unc-84 protein-like 1),SUN1 KIAA0810 UNC84A,812,ICKFLVLLIPLFLLLAGLSL
O94905,ERLN2_HUMAN,Erlin-2 (Endoplasmic reticulum lipid raft-associated protein 2) (Stomatin-prohibitin-flotillin-HflC/K domain-containing protein 2) (SPFH domain-containing protein 2),ERLIN2 C8orf2 SPFH2 UNQ2441/PRO5003/PRO9924,339,LGAVVAVASSFFCASLFSAVH
O94923,GLCE_HUMAN,D-glucuronyl C5-epimerase (EC 5.1.3.-) (Heparin/heparan sulfate:glucuronic acid C5-epimerase),GLCE KIAA0836,617,TLIIICALFTLVTVLLW
O95150,TNF15_HUMAN,"Tumor necrosis factor ligand superfamily member 15 (TNF ligand-related molecule 1) (Vascular endothelial cell growth inhibitor) [Cleaved into: Tumor necrosis factor ligand superfamily member 15, membrane form; Tumor necrosis factor ligand superfamily member 15, secreted form]",TNFSF15 TL1 VEGI,251,ALTCCLVLLPFLAGLTTYLLV
O95395,GCNT3_HUMAN,"Beta-1,3-galactosyl-O-glycosyl-glycoprotein beta-1,6-N-acetylglucosaminyltransferase 3 (EC 2.4.1.102) (EC 2.4.1.150) (C2GnT-mucin type) (C2GnT-M) (hC2GnT-M) (Core 2/core 4 beta-1,6-N-acetylglucosaminyltransferase) (C2/4GnT)",GCNT3,438,LCQLHYLWALGCYMLLATVA
O95461,LARGE_HUMAN,Glycosyltransferase-like protein LARGE1 (EC 2.4.-.-) (Acetylglucosaminyltransferase-like 1A),LARGE KIAA0609 LARGE1,756,FLAASLSLLCIPAITWIYLFS
O95502,NPTXR_HUMAN,Neuronal pentraxin receptor,NPTXR,500,FLAVLLAAGMLAFLGAVICII
O95672,ECEL1_HUMAN,Endothelin-converting enzyme-like 1 (EC 3.4.24.-) (Xce protein),ECEL1 XCE UNQ2431/PRO4991,775,VCLLSGLVFAAGLCAILAAMLAL
O95803,NDST3_HUMAN,Bifunctional heparan sulfate N-deacetylase/N-sulfotransferase 3 (EC 2.8.2.8) (Glucosaminyl N-deacetylase/N-sulfotransferase 3) (NDST-3) (hNDST-3) (N-heparan sulfate sulfotransferase 3) (N-HSST 3) [Includes: Heparan sulfate N-deacetylase 3 (EC 3.-.-.-); Heparan sulfate N-sulfotransferase 3 (EC 2.8.2.-)],NDST3 HSST3 UNQ2544/PRO4998,873,TVILLATFCMVSIIISAYYLY
O96024,B3GT4_HUMAN,"Beta-1,3-galactosyltransferase 4 (Beta-1,3-GalTase 4) (Beta3Gal-T4) (Beta3GalT4) (GalT4) (b3Gal-T4) (EC 2.4.1.62) (Gal-T2) (Ganglioside galactosyltransferase) (UDP-galactose:beta-N-acetyl-galactosamine-beta-1,3-galactosyltransferase)",B3GALT4 GALT4,378,LLLAALLLVIV
P01375,TNFA_HUMAN,"Tumor necrosis factor (Cachectin) (TNF-alpha) (Tumor necrosis factor ligand superfamily member 2) (TNF-a) [Cleaved into: Tumor necrosis factor, membrane form; Tumor necrosis factor, soluble form]",TNF TNFA TNFSF2,233,FSFLIVAGATTLFCLLHFGVI
P02786,TFR1_HUMAN,"Transferrin receptor protein 1 (TR) (TfR) (TfR1) (Trfr) (T9) (p90) (CD antigen CD71) [Cleaved into: Transferrin receptor protein 1, serum form (sTfR)]",TFRC,760,YGTIAVIVFFLIGFMIGYLGY
P04233,HG2A_HUMAN,HLA class II histocompatibility antigen gamma chain (HLA-DR antigens-associated invariant chain) (Ia antigen-associated invariant chain) (Ii) (p33) (CD antigen CD74),CD74 DHLAG,296,GALYTGFSILVTLLLAGQATTAYFLY
P05026,AT1B1_HUMAN,Sodium/potassium-transporting ATPase subunit beta-1 (Sodium/potassium-dependent ATPase subunit beta-1),ATP1B1 ATP1B,303,ILLFYVIFYGCLAGIFIGTIQVMLLTIS
P05981,HEPS_HUMAN,Serine protease hepsin (EC 3.4.21.106) (Transmembrane protease serine 1) [Cleaved into: Serine protease hepsin non-catalytic chain; Serine protease hepsin catalytic chain],HPN TMPRSS1,417,GTLLLLTAIGAASWAIVAVLL
P06734,FCER2_HUMAN,Low affinity immunoglobulin epsilon Fc receptor (BLAST-2) (C-type lectin domain family 4 member J) (Fc-epsilon-RII) (Immunoglobulin E-binding factor) (Lymphocyte IgE receptor) (CD antigen CD23) [Cleaved into: Low affinity immunoglobulin epsilon Fc receptor membrane-bound form; Low affinity immunoglobulin epsilon Fc receptor soluble form],FCER2 CD23A CLEC4J FCE2 IGEBF,321,TQIVLLGLVTAALWAGLLTLLLLWHW
P07099,HYEP_HUMAN,Epoxide hydrolase 1 (EC 3.3.2.9) (Epoxide hydratase) (Microsomal epoxide hydrolase),EPHX1 EPHX EPOX,455,WLEILLTSVLGFAIYWFIS
P07306,ASGR1_HUMAN,Asialoglycoprotein receptor 1 (ASGP-R 1) (ASGPR 1) (C-type lectin domain family 4 member H1) (Hepatic lectin H1) (HL-1),ASGR1 CLEC4H1,291,LLLLSLGLSLLLLVVVCVIGS
P07307,ASGR2_HUMAN,Asialoglycoprotein receptor 2 (ASGP-R 2) (ASGPR 2) (C-type lectin domain family 4 member H2) (Hepatic lectin H2) (HL-2),ASGR2 CLEC4H2,311,FSLLALSFNILLLVVICVTGS
P08195,4F2_HUMAN,4F2 cell-surface antigen heavy chain (4F2hc) (4F2 heavy chain antigen) (Lymphocyte activation antigen 4F2 large subunit) (CD antigen CD98),SLC3A2 MDU1,630,LLLLFWLGWLGMLAGAVVIIV
P08473,NEP_HUMAN,Neprilysin (EC 3.4.24.11) (Atriopeptidase) (Common acute lymphocytic leukemia antigen) (CALLA) (Enkephalinase) (Neutral endopeptidase 24.11) (NEP) (Neutral endopeptidase) (Skin fibroblast elastase) (SFE) (CD antigen CD10),MME EPN,750,ISLSVLVLLLTIIAVTMIALYAT
P08910,ABHD2_HUMAN,Abhydrolase domain-containing protein 2 (EC 3.1.1.-) (Lung alpha/beta hydrolase 2) (Protein PHPS1-2),ABHD2 LABH2,425,LPAVFDGVKLAAVAAVLYVIV
P09172,DOPO_HUMAN,Dopamine beta-hydroxylase (EC 1.14.17.1) (Dopamine beta-monooxygenase) [Cleaved into: Soluble dopamine beta-hydroxylase],DBH,617,EAAFMYSTAVAIFLVILVAAL
P0C7V7,SC11B_HUMAN,Putative signal peptidase complex catalytic subunit SEC11B (EC 3.4.21.89) (SEC11 homolog B) (SEC11-like protein 2),SEC11B SEC11L2 SPCS4B,166,YYQVLNFGMIVSSALMIW
P14410,SUIS_HUMAN,"Sucrase-isomaltase, intestinal [Cleaved into: Sucrase (EC 3.2.1.48); Isomaltase (EC 3.2.1.10)]",SI,1827,LIVLFVIVTIIAIALIVVLA
P14415,AT1B2_HUMAN,Sodium/potassium-transporting ATPase subunit beta-2 (Sodium/potassium-dependent ATPase subunit beta-2),ATP1B2,290,ILLFYLVFYGFLTAMFTLTMWVMLQTVS
P15144,AMPN_HUMAN,Aminopeptidase N (AP-N) (hAPN) (EC 3.4.11.2) (Alanyl aminopeptidase) (Aminopeptidase M) (AP-M) (Microsomal aminopeptidase) (Myeloid plasma membrane glycoprotein CD13) (gp150) (CD antigen CD13),ANPEP APN CD13 PEPN,967,KSLGILGILLGVAAVCTIIALSVV
P15291,B4GT1_HUMAN,"Beta-1,4-galactosyltransferase 1 (Beta-1,4-GalTase 1) (Beta4Gal-T1) (b4Gal-T1) (EC 2.4.1.-) (UDP-Gal:beta-GlcNAc beta-1,4-galactosyltransferase 1) (UDP-galactose:beta-N-acetylglucosamine beta-1,4-galactosyltransferase 1) [Cleaved into: Processed beta-1,4-galactosyltransferase 1] [Includes: Lactose synthase A protein (EC 2.4.1.22); N-acetyllactosamine synthase (EC 2.4.1.90) (Nal synthase); Beta-N-acetylglucosaminylglycopeptide beta-1,4-galactosyltransferase (EC 2.4.1.38); Beta-N-acetylglucosaminyl-glycolipid beta-1,4-galactosyltransferase (EC 2.4.1.-)]",B4GALT1 GGTB2,398,LLVAVCALHLGVTLVYYLAG
P15907,SIAT1_HUMAN,"Beta-galactoside alpha-2,6-sialyltransferase 1 (Alpha 2,6-ST 1) (EC 2.4.99.1) (B-cell antigen CD75) (CMP-N-acetylneuraminate-beta-galactosamide-alpha-2,6-sialyltransferase 1) (ST6Gal I) (ST6GalI) (Sialyltransferase 1)",ST6GAL1 SIAT1,406,FSCCVLVFLLFAVICVW
P16442,BGAT_HUMAN,Histo-blood group ABO system transferase (Fucosylglycoprotein 3-alpha-galactosyltransferase) (Fucosylglycoprotein alpha-N-acetylgalactosaminyltransferase) (Glycoprotein-fucosylgalactoside alpha-N-acetylgalactosaminyltransferase) (EC 2.4.1.40) (Glycoprotein-fucosylgalactoside alpha-galactosyltransferase) (EC 2.4.1.37) (Histo-blood group A transferase) (A transferase) (Histo-blood group B transferase) (B transferase) (NAGAT) [Cleaved into: Fucosylglycoprotein alpha-N-acetylgalactosaminyltransferase soluble form],ABO,354,GYGVLSPRSLMPGSLERGFCM
P18850,ATF6A_HUMAN,Cyclic AMP-dependent transcription factor ATF-6 alpha (cAMP-dependent transcription factor ATF-6 alpha) (Activating transcription factor 6 alpha) (ATF6-alpha) [Cleaved into: Processed cyclic AMP-dependent transcription factor ATF-6 alpha],ATF6,670,VVCVMIVLAFIILNYGPMSML
P19440,GGT1_HUMAN,Gamma-glutamyltranspeptidase 1 (GGT 1) (EC 2.3.2.2) (Gamma-glutamyltransferase 1) (CD antigen CD224) [Cleaved into: Gamma-glutamyltranspeptidase 1 heavy chain; Gamma-glutamyltranspeptidase 1 light chain],GGT1 GGT,569,LVVLGLLAVVLVLVIVGLCLWL
P19526,FUT1_HUMAN,"Galactoside 2-alpha-L-fucosyltransferase 1 (EC 2.4.1.69) (Alpha(1,2)FT 1) (Blood group H alpha 2-fucosyltransferase) (Fucosyltransferase 1) (GDP-L-fucose:beta-D-galactoside 2-alpha-L-fucosyltransferase 1)",FUT1 H HSC,365,LCLAFLLVCVLSVIFFL
P21217,FUT3_HUMAN,Galactoside 3(4)-L-fucosyltransferase (EC 2.4.1.65) (Blood group Lewis alpha-4-fucosyltransferase) (Lewis FT) (Fucosyltransferase 3) (Fucosyltransferase III) (FucT-III),FUT3 FT3B LE,361,CLAALLFQLLVAVCFFSYL
P21757,MSRE_HUMAN,Macrophage scavenger receptor types I and II (Macrophage acetylated LDL receptor I and II) (Scavenger receptor class A member 1) (CD antigen CD204),MSR1 SCARA1,451,AALIALYLLVFAVLIPLIGIVAAQLL
P21854,CD72_HUMAN,B-cell differentiation antigen CD72 (Lyb-2) (CD antigen CD72),CD72,359,LLLGLLLTCLLLGVTAICLGV
P21964,COMT_HUMAN,Catechol O-methyltransferase (EC 2.1.1.6),COMT,271,LLLAAVLLGLVLLVVLLLLL
P22083,FUT4_HUMAN,"Alpha-(1,3)-fucosyltransferase (EC 2.4.1.-) (ELAM-1 ligand fucosyltransferase) (Fucosyltransferase 4) (Fucosyltransferase IV) (Fuc-TIV) (FucT-IV) (Galactoside 3-L-fucosyltransferase)",FUT4 ELFT FCT3A,530,GLPWTVCVLAAAGLTCTALITYACW
P22413,ENPP1_HUMAN,Ectonucleotide pyrophosphatase/phosphodiesterase family member 1 (E-NPP 1) (Membrane component chromosome 6 surface marker 1) (Phosphodiesterase I/nucleotide pyrophosphatase 1) (Plasma-cell membrane glycoprotein PC-1) [Includes: Alkaline phosphodiesterase I (EC 3.1.4.1); Nucleotide pyrophosphatase (NPPase) (EC 3.6.1.9)],ENPP1 M6S1 NPPS PC1 PDNP1,925,VLSLVLSVCVLTTILGCIFGL
P22760,AAAD_HUMAN,Arylacetamide deacetylase (EC 3.1.1.3),AADAC DAC,399,LYLLIVGILIAYYIYTPL
P23276,KELL_HUMAN,Kell blood group glycoprotein (EC 3.4.24.-) (CD antigen CD238),KEL,732,VLTAILILGLLLCFSVLLFY
P23510,TNFL4_HUMAN,Tumor necrosis factor ligand superfamily member 4 (Glycoprotein Gp34) (OX40 ligand) (OX40L) (TAX transcriptionally-activated glycoprotein 1) (CD antigen CD252),TNFSF4 TXGP1,183,LLLVASVIQGLGLLLCFTYICLHFSAL
P26572,MGAT1_HUMAN,"Alpha-1,3-mannosyl-glycoprotein 2-beta-N-acetylglucosaminyltransferase (EC 2.4.1.101) (N-glycosyl-oligosaccharide-glycoprotein N-acetylglucosaminyltransferase I) (GNT-I) (GlcNAc-T I)",MGAT1 GGNT1 GLCT1 GLYT1 MGAT,445,AGLVLWGAILFVAWNALLLLFFW
P26715,NKG2A_HUMAN,NKG2-A/NKG2-B type II integral membrane protein (CD159 antigen-like family member A) (NK cell receptor A) (NKG2-A/B-activating NK receptor) (CD antigen CD159a),KLRC1 NKG2A,233,LIVGILGIICLILMASVVTIVVI
P26717,NKG2C_HUMAN,NKG2-C type II integral membrane protein (CD159 antigen-like family member C) (NK cell receptor C) (NKG2-C-activating NK receptor) (CD antigen CD159c),KLRC2 NKG2C,231,LTAEVLGIICIVLMATVLKTIVL
P26718,NKG2D_HUMAN,NKG2-D type II integral membrane protein (Killer cell lectin-like receptor subfamily K member 1) (NK cell receptor D) (NKG2-D-activating NK receptor) (CD antigen CD314),KLRK1 D12S2489E NKG2D,216,PFFFCCFIAVAMGIRFIIMVA
P27487,DPP4_HUMAN,Dipeptidyl peptidase 4 (EC 3.4.14.5) (ADABP) (Adenosine deaminase complexing protein 2) (ADCP-2) (Dipeptidyl peptidase IV) (DPP IV) (T-cell activation antigen CD26) (TP103) (CD antigen CD26) [Cleaved into: Dipeptidyl peptidase 4 membrane form (Dipeptidyl peptidase IV membrane form); Dipeptidyl peptidase 4 soluble form (Dipeptidyl peptidase IV soluble form)],DPP4 ADCP2 CD26,766,VLLGLLGAAALVTIITVPVVLL
P28845,DHI1_HUMAN,Corticosteroid 11-beta-dehydrogenase isozyme 1 (EC 1.1.1.146) (11-beta-hydroxysteroid dehydrogenase 1) (11-DH) (11-beta-HSD1),HSD11B1 HSD11 HSD11L,292,LLPILGLFMAYYYYSAN
P28907,CD38_HUMAN,ADP-ribosyl cyclase 1 (EC 3.2.2.5) (Cyclic ADP-ribose hydrolase 1) (cADPr hydrolase 1) (T10) (CD antigen CD38),CD38,300,AQLCLGVSILVLILVVVLAVV
P29965,CD40L_HUMAN,"CD40 ligand (CD40-L) (T-cell antigen Gp39) (TNF-related activation protein) (TRAP) (Tumor necrosis factor ligand superfamily member 5) (CD antigen CD154) [Cleaved into: CD40 ligand, membrane form; CD40 ligand, soluble form]",CD40LG CD40L TNFSF5 TRAP,261,IFMYLLTVFLITQMIGSALFAVYL
P32970,CD70_HUMAN,CD70 antigen (CD27 ligand) (CD27-L) (Tumor necrosis factor ligand superfamily member 7) (CD antigen CD70),CD70 CD27L CD27LG TNFSF7,193,VLRAALVPLVAGLVICLVVCI
P32971,TNFL8_HUMAN,Tumor necrosis factor ligand superfamily member 8 (CD30 ligand) (CD30-L) (CD antigen CD153),TNFSF8 CD30L CD30LG,234,YFYLTTATLALCLVFTVATIMVLVV
P33908,MA1A1_HUMAN,"Mannosyl-oligosaccharide 1,2-alpha-mannosidase IA (EC 3.2.1.113) (Man(9)-alpha-mannosidase) (Man9-mannosidase) (Mannosidase alpha class 1A member 1) (Processing alpha-1,2-mannosidase IA) (Alpha-1,2-mannosidase IA)",MAN1A1,653,FVLLLVFSAFITLCFGAIFFL
P36268,GGT2_HUMAN,Gamma-glutamyltranspeptidase 2 (GGT 2) (EC 2.3.2.2) (Gamma-glutamyltransferase 2) [Cleaved into: Gamma-glutamyltranspeptidase 2 heavy chain; Gamma-glutamyltranspeptidase 2 light chain],GGT2,569,LVVLGLLAVVLVLVIVGLCLWL
P36269,GGT5_HUMAN,Gamma-glutamyltransferase 5 (GGT 5) (EC 2.3.2.2) (Gamma-glutamyl transpeptidase-related enzyme) (GGT-rel) (Gamma-glutamyltransferase-like activity 1) (Gamma-glutamyltranspeptidase 5) [Cleaved into: Gamma-glutamyltransferase 5 heavy chain; Gamma-glutamyltransferase 5 light chain],GGT5 GGTLA1,586,VSLVLLGLGLALAVIVLAVVL
P37059,DHB2_HUMAN,Estradiol 17-beta-dehydrogenase 2 (EC 1.1.1.62) (17-beta-hydroxysteroid dehydrogenase type 2) (17-beta-HSD 2) (20 alpha-hydroxysteroid dehydrogenase) (20-alpha-HSD) (E2DH) (Microsomal 17-beta-hydroxysteroid dehydrogenase) (Testosterone 17-beta-dehydrogenase) (EC 1.1.1.63),HSD17B2 EDH17B2,387,FFSDTAWICLAVPTVLCGTVF
P41273,TNFL9_HUMAN,Tumor necrosis factor ligand superfamily member 9 (4-1BB ligand) (4-1BBL),TNFSF9,254,WALVAGLLLLLLLAAACAVFL
P42167,LAP2B_HUMAN,"Lamina-associated polypeptide 2, isoforms beta/gamma (Thymopoietin, isoforms beta/gamma) (TP beta/gamma) (Thymopoietin-related peptide isoforms beta/gamma) (TPRP isoforms beta/gamma) [Cleaved into: Thymopoietin (TP) (Splenin); Thymopentin (TP5)]",TMPO LAP2,454,IPVWIKILLFVVVAVFLFLVYQAM
P42658,DPP6_HUMAN,Dipeptidyl aminopeptidase-like protein 6 (DPPX) (Dipeptidyl aminopeptidase-related protein) (Dipeptidyl peptidase 6) (Dipeptidyl peptidase IV-like protein) (Dipeptidyl peptidase VI) (DPP VI),DPP6,865,IAIALLVILVICSLIVTSVIL
P42857,NSG1_HUMAN,Neuron-specific protein family member 1 (Brain neuron cytoplasmic protein 1),NSG1 D4S234,185,VSVLVLFALAFLTCVVFLVVY
P42892,ECE1_HUMAN,Endothelin-converting enzyme 1 (ECE-1) (EC 3.4.24.71),ECE1,770,LVVLVVLLAAGLVACLAALGI
P46695,IEX1_HUMAN,Radiation-inducible immediate-early gene IEX-1 (Differentiation-dependent gene 2 protein) (Protein DIF-2) (Immediate early protein GLY96) (Immediate early response 3 protein) (PACAP-responsive gene 1 protein) (Protein PRG1),IER3 DIF2 IEX1 PRG1,156,AKRLLFLLLTIVFCQIL
P48023,TNFL6_HUMAN,"Tumor necrosis factor ligand superfamily member 6 (Apoptosis antigen ligand) (APTL) (CD95 ligand) (CD95-L) (Fas antigen ligand) (Fas ligand) (CD antigen CD178) [Cleaved into: Tumor necrosis factor ligand superfamily member 6, membrane form; Tumor necrosis factor ligand superfamily member 6, soluble form]",FASLG APT1LG1 CD95L FASL TNFSF6,281,LCLLVMFFMVLVALVGLGLGMF
P49641,MA2A2_HUMAN,"Alpha-mannosidase 2x (EC 3.2.1.114) (Alpha-mannosidase IIx) (Man IIx) (Mannosidase alpha class 2A member 2) (Mannosyl-oligosaccharide 1,3-1,6-alpha-mannosidase)",MAN2A2 MANA2X,1150,QVTVCGAAIFCVAVFSLYLML
P49788,TIG1_HUMAN,Retinoic acid receptor responder protein 1 (RAR-responsive protein TIG1) (Tazarotene-induced gene 1 protein),RARRES1 TIG1,294,TAPLLALLLLLAPVAAPAGSGD
P50591,TNF10_HUMAN,Tumor necrosis factor ligand superfamily member 10 (Apo-2 ligand) (Apo-2L) (TNF-related apoptosis-inducing ligand) (Protein TRAIL) (CD antigen CD253),TNFSF10 APO2L TRAIL,281,LIVIFTVLLQSLCVAVTYVYF
P51164,ATP4B_HUMAN,Potassium-transporting ATPase subunit beta (Gastric H(+)/K(+) ATPase subunit beta) (Proton pump beta chain),ATP4B,291,WVWISLYYVAFYVVMTGLFAL
P51993,FUT6_HUMAN,"Alpha-(1,3)-fucosyltransferase (EC 2.4.1.65) (Fucosyltransferase 6) (Fucosyltransferase VI) (Fuc-TVI) (FucT-VI) (Galactoside 3-L-fucosyltransferase)",FUT6 FCT3A,359,CCLTTLLFQLLMAVCFFSYL
P52848,NDST1_HUMAN,Bifunctional heparan sulfate N-deacetylase/N-sulfotransferase 1 (EC 2.8.2.8) (Glucosaminyl N-deacetylase/N-sulfotransferase 1) (NDST-1) (N-heparan sulfate sulfotransferase 1) (N-HSST 1) ([Heparan sulfate]-glucosamine N-sulfotransferase 1) (HSNST 1) [Includes: Heparan sulfate N-deacetylase 1 (EC 3.-.-.-); Heparan sulfate N-sulfotransferase 1 (EC 2.8.2.-)],NDST1 HSST HSST1,882,AVLFLLFIFCLFSVFISAYYLY
P52849,NDST2_HUMAN,Bifunctional heparan sulfate N-deacetylase/N-sulfotransferase 2 (EC 2.8.2.8) (Glucosaminyl N-deacetylase/N-sulfotransferase 2) (NDST-2) (N-heparan sulfate sulfotransferase 2) (N-HSST 2) [Includes: Heparan sulfate N-deacetylase 2 (EC 3.-.-.-); Heparan sulfate N-sulfotransferase 2 (EC 2.8.2.-)],NDST2 HSST2,883,LILLLIAFSLGSMGFLAYYVS
P54709,AT1B3_HUMAN,Sodium/potassium-transporting ATPase subunit beta-3 (Sodium/potassium-dependent ATPase subunit beta-3) (ATPB-3) (CD antigen CD298),ATP1B3,279,WGLILLFYLVFYGFLAALFSF
P55073,IOD3_HUMAN,Type III iodothyronine deiodinase (EC 1.97.1.11) (5DIII) (DIOIII) (Type 3 DI) (Type-III 5'-deiodinase),DIO3 ITDI3 TXDI3,278,ASCLVLFPRFLGTAFMLWLL
P57727,TMPS3_HUMAN,Transmembrane protease serine 3 (EC 3.4.21.-) (Serine protease TADG-12) (Tumor-associated differentially-expressed gene 12 protein),TMPRSS3 ECHOS1 TADG12 UNQ323/PRO382,454,FPIIVIGIIALILALAIGLGI
P61009,SPCS3_HUMAN,Signal peptidase complex subunit 3 (EC 3.4.-.-) (Microsomal signal peptidase 22/23 kDa subunit) (SPC22/23) (SPase 22/23 kDa subunit),SPCS3 SPC22 UNQ1841/PRO3567,180,FAFSLSVMAALTFGCFITTAF
P61647,SIA8F_HUMAN,"Alpha-2,8-sialyltransferase 8F (EC 2.4.99.-) (Sialyltransferase 8F) (SIAT8-F) (Sialytransferase St8Sia VI) (ST8SiaVI)",ST8SIA6 SIAT8F,398,GGALLALLASLLLLLLLRLLW
P67812,SC11A_HUMAN,Signal peptidase complex catalytic subunit SEC11A (EC 3.4.21.89) (Endopeptidase SP18) (Microsomal signal peptidase 18 kDa subunit) (SPase 18 kDa subunit) (SEC11 homolog A) (SEC11-like protein 1) (SPC18),SEC11A SEC11L1 SPC18 SPCS4A,179,QLYYQVLNFGMIVSSALMIW
P78380,OLR1_HUMAN,"Oxidized low-density lipoprotein receptor 1 (Ox-LDL receptor 1) (C-type lectin domain family 8 member A) (Lectin-like oxidized LDL receptor 1) (LOX-1) (Lectin-like oxLDL receptor 1) (hLOX-1) (Lectin-type oxidized LDL receptor 1) [Cleaved into: Oxidized low-density lipoprotein receptor 1, soluble form]",OLR1 CLEC8A LOX1,273,LAAATLGVLCLGLVVTIMVLG
P78562,PHEX_HUMAN,Phosphate-regulating neutral endopeptidase (EC 3.4.24.-) (Metalloendopeptidase homolog PEX) (Vitamin D-resistant hypophosphatemic rickets protein) (X-linked hypophosphatemia protein) (HYP),PHEX PEX,749,IALVVFVGGTLVLGTILFLVS
P98073,ENTK_HUMAN,Enteropeptidase (EC 3.4.21.9) (Enterokinase) (Serine protease 7) (Transmembrane protease serine 15) [Cleaved into: Enteropeptidase non-catalytic heavy chain; Enteropeptidase catalytic light chain],TMPRSS15 ENTK PRSS7,1019,IMFAALFAILVVLCAGLIAVSCLTIKESQ
Q00973,B4GN1_HUMAN,"Beta-1,4 N-acetylgalactosaminyltransferase 1 (EC 2.4.1.92) ((N-acetylneuraminyl)-galactosylglucosylceramide) (GM2/GD2 synthase) (GalNAc-T)",B4GALNT1 GALGT SIAT2,533,LCALVLLLACASLGLLYA
Q02742,GCNT1_HUMAN,"Beta-1,3-galactosyl-O-glycosyl-glycoprotein beta-1,6-N-acetylglucosaminyltransferase (EC 2.4.1.102) (Core 2-branching enzyme) (Core2-GlcNAc-transferase) (C2GNT) (Core 2 GNT)",GCNT1 NACGT2,428,LFSYPTKYYFMVLVLSLITFSVL
Q04609,FOLH1_HUMAN,Glutamate carboxypeptidase 2 (EC 3.4.17.21) (Cell growth-inhibiting gene 27 protein) (Folate hydrolase 1) (Folylpoly-gamma-glutamate carboxypeptidase) (FGCP) (Glutamate carboxypeptidase II) (GCPII) (Membrane glutamate carboxypeptidase) (mGCP) (N-acetylated-alpha-linked acidic dipeptidase I) (NAALADase I) (Prostate-specific membrane antigen) (PSM) (PSMA) (Pteroylpoly-gamma-glutamate carboxypeptidase),FOLH1 FOLH NAALAD1 PSM PSMA GIG27,750,WLCAGALVLAGGFFLLGFLFGWFI
Q06430,GNT2B_HUMAN,"N-acetyllactosaminide beta-1,6-N-acetylglucosaminyl-transferase, isoform B (N-acetylglucosaminyltransferase) (EC 2.4.1.150) (I-branching enzyme) (IGNT)",GCNT2 GCNT5 II NACGT1,400,YLFIISVSSVIIFIVFSVF
Q06643,TNFC_HUMAN,Lymphotoxin-beta (LT-beta) (Tumor necrosis factor C) (TNF-C) (Tumor necrosis factor ligand superfamily member 3),LTB TNFC TNFSF3,244,LLLAVAGATSLVTLLLAVPITVLAVLALVP
Q07075,AMPE_HUMAN,Glutamyl aminopeptidase (EAP) (EC 3.4.11.7) (Aminopeptidase A) (AP-A) (Differentiation antigen gp160) (CD antigen CD249),ENPEP,957,VAILCAVVVGVGLIVGLAVGL
Q07108,CD69_HUMAN,Early activation antigen CD69 (Activation inducer molecule) (AIM) (BL-AC/P26) (C-type lectin domain family 2 member C) (EA1) (Early T-cell activation antigen p60) (GP32/28) (Leukocyte surface antigen Leu-23) (MLR-3) (CD antigen CD69),CD69 CLEC2C,199,VLCAVMNVVFITILIIALIAL
Q07444,NKG2E_HUMAN,NKG2-E type II integral membrane protein (NK cell receptor E) (NKG2-E-activating NK receptor),KLRC3 NKG2E,240,LTAEVLGIICIVLMATVLKTIVL
Q07837,SLC31_HUMAN,"Neutral and basic amino acid transport protein rBAT (NBAT) (B(0,+)-type amino acid transport protein) (D2h)",SLC3A1 RBAT,685,ILFWLTVASVLVLIAATIAII
Q09327,MGAT3_HUMAN,"Beta-1,4-mannosyl-glycoprotein 4-beta-N-acetylglucosaminyltransferase (EC 2.4.1.144) (N-glycosyl-oligosaccharide-glycoprotein N-acetylglucosaminyltransferase III) (GNT-III) (GlcNAc-T III) (N-acetylglucosaminyltransferase III)",MGAT3 GGNT3,533,LFLMFCMAGLCLISFL
Q09328,MGT5A_HUMAN,"Alpha-1,6-mannosylglycoprotein 6-beta-N-acetylglucosaminyltransferase A (EC 2.4.1.155) (Alpha-mannoside beta-1,6-N-acetylglucosaminyltransferase) (GlcNAc-T V) (GNT-V) (Mannoside acetylglucosaminyltransferase 5) (N-acetylglucosaminyl-transferase V)",MGAT5 GGNT5,741,LGFFLVTFGFIWGMMLL
Q0P6D2,FA69C_HUMAN,Protein FAM69C,FAM69C C18orf51,419,GTLLAFAAWTAGWVLAAALLL
Q10469,MGAT2_HUMAN,"Alpha-1,6-mannosyl-glycoprotein 2-beta-N-acetylglucosaminyltransferase (EC 2.4.1.143) (Beta-1,2-N-acetylglucosaminyltransferase II) (GlcNAc-T II) (GNT-II) (Mannoside acetylglucosaminyltransferase 2) (N-glycosyl-oligosaccharide-glycoprotein N-acetylglucosaminyltransferase II)",MGAT2,447,VLILTLVVAACGFVLWSSNG
Q10471,GALT2_HUMAN,Polypeptide N-acetylgalactosaminyltransferase 2 (EC 2.4.1.41) (Polypeptide GalNAc transferase 2) (GalNAc-T2) (pp-GaNTase 2) (Protein-UDP acetylgalactosaminyltransferase 2) (UDP-GalNAc:polypeptide N-acetylgalactosaminyltransferase 2) [Cleaved into: Polypeptide N-acetylgalactosaminyltransferase 2 soluble form],GALNT2,571,MLLCFAFLWVLGIAYYMY
Q10472,GALT1_HUMAN,Polypeptide N-acetylgalactosaminyltransferase 1 (EC 2.4.1.41) (Polypeptide GalNAc transferase 1) (GalNAc-T1) (pp-GaNTase 1) (Protein-UDP acetylgalactosaminyltransferase 1) (UDP-GalNAc:polypeptide N-acetylgalactosaminyltransferase 1) [Cleaved into: Polypeptide N-acetylgalactosaminyltransferase 1 soluble form],GALNT1,559,VVLATSLIWVLLDMFLLLYF
Q10589,BST2_HUMAN,Bone marrow stromal antigen 2 (BST-2) (HM1.24 antigen) (Tetherin) (CD antigen CD317),BST2,180,KLLLGIGILVLLIIVILGVPLIIFTIKA
Q10981,FUT2_HUMAN,"Galactoside 2-alpha-L-fucosyltransferase 2 (EC 2.4.1.69) (Alpha(1,2)FT 2) (Fucosyltransferase 2) (GDP-L-fucose:beta-D-galactoside 2-alpha-L-fucosyltransferase 2) (SE2) (Secretor blood group alpha-2-fucosyltransferase) (Secretor factor) (Se)",FUT2 SEC2,343,FILFVFTVSTIFHV
Q11128,FUT5_HUMAN,"Alpha-(1,3)-fucosyltransferase (EC 2.4.1.65) (Fucosyltransferase 5) (Fucosyltransferase V) (Fuc-TV) (FucT-V) (Galactoside 3-L-fucosyltransferase)",FUT5,374,CLAGLLFQLLVAVCFFSYL
Q11130,FUT7_HUMAN,"Alpha-(1,3)-fucosyltransferase (EC 2.4.1.-) (Fucosyltransferase 7) (Fucosyltransferase VII) (Fuc-TVII) (FucT-VII) (Galactoside 3-L-fucosyltransferase) (Selectin ligand synthase)",FUT7,342,LGVLAGVALLAALWLLWLLGSA
Q11201,SIA4A_HUMAN,"CMP-N-acetylneuraminate-beta-galactosamide-alpha-2,3-sialyltransferase 1 (Alpha 2,3-ST 1) (Beta-galactoside alpha-2,3-sialyltransferase 1) (EC 2.4.99.4) (Gal-NAc6S) (Gal-beta-1,3-GalNAc-alpha-2,3-sialyltransferase) (SIATFL) (ST3Gal I) (ST3GalI) (ST3GalA.1) (ST3O) (Sialyltransferase 4A) (SIAT4-A)",ST3GAL1 SIAT4 SIAT4A,340,FLVLFIFLTSFFLNYSHTMVA
Q11203,SIAT6_HUMAN,"CMP-N-acetylneuraminate-beta-1,4-galactoside alpha-2,3-sialyltransferase (EC 2.4.99.6) (Beta-galactoside alpha-2,3-sialyltransferase 3) (Alpha 2,3-ST 3) (Gal beta-1,3(4) GlcNAc alpha-2,3 sialyltransferase) (N-acetyllactosaminide alpha-2,3-sialyltransferase) (ST3Gal III) (ST3GalIII) (ST3N) (Sialyltransferase 6)",ST3GAL3 SIAT6,375,NLLLALCLFLVLGFLYYSAW
Q11206,SIA4C_HUMAN,"CMP-N-acetylneuraminate-beta-galactosamide-alpha-2,3-sialyltransferase 4 (Alpha 2,3-ST 4) (Beta-galactoside alpha-2,3-sialyltransferase 4) (EC 2.4.99.-) (Alpha 2,3-sialyltransferase IV) (Gal-NAc6S) (Gal-beta-1,4-GalNAc-alpha-2,3-sialyltransferase) (SAT-3) (ST-4) (ST3Gal IV) (ST3GalIV) (ST3GalA.2) (STZ) (Sialyltransferase 4C) (SIAT4-C)",ST3GAL4 CGS23 NANTA3 SIAT4C STZ,333,LLAMLALVLVVMVWYSIS
Q12797,ASPH_HUMAN,Aspartyl/asparaginyl beta-hydroxylase (EC 1.14.11.16) (Aspartate beta-hydroxylase) (ASP beta-hydroxylase) (Peptide-aspartate beta-dioxygenase),ASPH,758,FFTWFMVIALLGVWTSVAVVW
Q12884,SEPR_HUMAN,Seprase (EC 3.4.21.-) (170 kDa melanoma membrane-bound gelatinase) (Fibroblast activation protein alpha) (Integral membrane serine protease),FAP,760,VKIVFGVATSAVLALLVMCIV
Q12918,KLRB1_HUMAN,Killer cell lectin-like receptor subfamily B member 1 (C-type lectin domain family 5 member B) (HNKR-P1a) (NKR-P1A) (Natural killer cell surface protein P1A) (CD antigen CD161),KLRB1 CLEC5B NKRP1A,225,AGIILLVLVVTGLSVSVTSLI
Q13061,TRDN_HUMAN,Triadin,TRDN,729,AAWLLVIALIITWSAVAIVMF
Q13241,KLRD1_HUMAN,Natural killer cells antigen CD94 (KP43) (Killer cell lectin-like receptor subfamily D member 1) (NK cell receptor) (CD antigen CD94),KLRD1 CD94,179,LISGTLGIICLSLMSTLGILL
Q13326,SGCG_HUMAN,Gamma-sarcoglycan (Gamma-SG) (35 kDa dystrophin-associated glycoprotein) (35DAG),SGCG,291,LFVLLLLIILVVNLALTIWIL
Q13724,MOGS_HUMAN,Mannosyl-oligosaccharide glucosidase (EC 3.2.1.106) (Processing A-glucosidase I),MOGS GCS1,837,STAGGVALAVVVLSLALGMSG
Q14435,GALT3_HUMAN,Polypeptide N-acetylgalactosaminyltransferase 3 (EC 2.4.1.41) (Polypeptide GalNAc transferase 3) (GalNAc-T3) (pp-GaNTase 3) (Protein-UDP acetylgalactosaminyltransferase 3) (UDP-GalNAc:polypeptide N-acetylgalactosaminyltransferase 3),GALNT3,633,FWKLGAVIFFFIIVLVLM
Q16394,EXT1_HUMAN,Exostosin-1 (EC 2.4.1.224) (EC 2.4.1.225) (Glucuronosyl-N-acetylglucosaminyl-proteoglycan/N-acetylglucosaminyl-proteoglycan 4-alpha-N-acetylglucosaminyltransferase) (Multiple exostoses protein 1) (Putative tumor suppressor protein EXT1),EXT1,746,FILLSAGSCLALLFYFGGLQF
Q16585,SGCB_HUMAN,Beta-sarcoglycan (Beta-SG) (43 kDa dystrophin-associated glycoprotein) (43DAG) (A3b),SGCB,318,ICVIILLFILAVINLIITLVI
Q16706,MA2A1_HUMAN,"Alpha-mannosidase 2 (EC 3.2.1.114) (Golgi alpha-mannosidase II) (AMan II) (Man II) (Mannosidase alpha class 2A member 1) (Mannosyl-oligosaccharide 1,3-1,6-alpha-mannosidase)",MAN2A1 MANA2,1144,QFTVFGSAIFCVVIFSLYLML
Q16842,SIA4B_HUMAN,"CMP-N-acetylneuraminate-beta-galactosamide-alpha-2,3-sialyltransferase 2 (Alpha 2,3-ST 2) (Beta-galactoside alpha-2,3-sialyltransferase 2) (EC 2.4.99.4) (Gal-NAc6S) (Gal-beta-1,3-GalNAc-alpha-2,3-sialyltransferase) (ST3Gal II) (ST3GalII) (ST3GalA.2) (Sialyltransferase 4B) (SIAT4-B)",ST3GAL2 SIAT4B,350,VWFLSVAFLLVFIMSLLFTYS
Q16853,AOC3_HUMAN,Membrane primary amine oxidase (EC 1.4.3.21) (Copper amine oxidase) (HPAO) (Semicarbazide-sensitive amine oxidase) (SSAO) (Vascular adhesion protein 1) (VAP-1),AOC3 VAP1,763,ILVLLILAVITIFALVCVLLV
Q2HXU8,CL12B_HUMAN,C-type lectin domain family 12 member B (Macrophage antigen H),CLEC12B UNQ5782/PRO16089,276,LGLVTLCLMLLIGLVTLGMMF
Q2M2H8,MGAL2_HUMAN,Putative maltase-glucoamylase-like protein LOC93432,,482,VLLIIFCLIVVTIDILLLLLV
Q3T906,GNPTA_HUMAN,N-acetylglucosamine-1-phosphotransferase subunits alpha/beta (EC 2.7.8.17) (GlcNAc-1-phosphotransferase subunits alpha/beta) (Stealth protein GNPTAB) (UDP-N-acetylglucosamine-1-phosphotransferase subunits alpha/beta) [Cleaved into: N-acetylglucosamine-1-phosphotransferase subunit alpha; N-acetylglucosamine-1-phosphotransferase subunit beta],GNPTAB GNPTA KIAA1208,1256,VCFLGVVVTIVSAFQFGEVVL
Q3V5L5,MGT5B_HUMAN,"Alpha-1,6-mannosylglycoprotein 6-beta-N-acetylglucosaminyltransferase B (EC 2.4.1.-) (EC 2.4.1.155) (Alpha-mannoside beta-1,6-N-acetylglucosaminyltransferase B) (GlcNAc-T Vb) (GNT-Vb) (hGnTVb) (Mannoside acetylglucosaminyltransferase 5B) (N-acetylglucosaminyl-transferase Vb) (N-acetylglucosaminyltransferase IX) (GNT-IX)",MGAT5B KIAA2008,792,FVLGIGFFTLCFLMTSLGGQF
Q495T6,MMEL1_HUMAN,"Membrane metallo-endopeptidase-like 1 (EC 3.4.24.11) (Membrane metallo-endopeptidase-like 2) (NEP2(m)) (Neprilysin II) (NEPII) (Neprilysin-2) (NEP2) (NL2) [Cleaved into: Membrane metallo-endopeptidase-like 1, soluble form (Neprilysin-2 secreted) (NEP2(s))]",MMEL1 MELL1 MMEL2 NEP2,779,GLLLLLLLVTAALVALGVLYA
Q495W5,FUT11_HUMAN,"Alpha-(1,3)-fucosyltransferase 11 (EC 2.4.1.-) (Fucosyltransferase XI) (Fuc-TXI) (FucT-XI) (Galactoside 3-L-fucosyltransferase 11) (Fucosyltransferase 11)",FUT11,492,VVLVLLGVLSVCAASGH
Q49A17,GLTL6_HUMAN,Polypeptide N-acetylgalactosaminyltransferase-like 6 (EC 2.4.1.41) (Polypeptide GalNAc transferase 17) (GalNAc-T17) (pp-GaNTase 17) (Protein-UDP acetylgalactosaminyltransferase 17) (Putative polypeptide N-acetylgalactosaminyltransferase 17) (UDP-GalNAc:polypeptide N-acetylgalactosaminyltransferase 17),GALNTL6 GALNT17,601,FLQMTLLFTVALIFLPNVGLW
Q4G0N0,GGTA1_HUMAN,"Inactive N-acetyllactosaminide alpha-1,3-galactosyltransferase (Glycoprotein alpha-galactosyltransferase 1 pseudogene)",GGTA1P GGTA1,100,VILSMLVVSTVIIVFWEFINS
Q4G148,GXLT1_HUMAN,Glucoside xylosyltransferase 1 (EC 2.4.2.n2) (Glycosyltransferase 8 domain-containing protein 3),GXYLT1 GLT8D3,440,VVVLCVACGFCSLLYAFSQLAVS
Q58DX5,NADL2_HUMAN,Inactive N-acetylated-alpha-linked acidic dipeptidase-like protein 2 (NAALADase L2),NAALADL2,795,FCHVLKILCTATILFIFGILI
Q5H943,KKLC1_HUMAN,Kita-kyushu lung cancer antigen 1 (KK-LC-1) (Cancer/testis antigen 83) (CT83),KKLC1 CXorf61,113,YLLLASSILCALIVFWKY
Q5KU26,COL12_HUMAN,Collectin-12 (Collectin placenta protein 1) (CL-P1) (hCL-P1) (Nurse cell scavenger receptor 2) (Scavenger receptor class A member 4) (Scavenger receptor with C-type lectin),COLEC12 CLP1 NSR2 SCARA4 SRCL,742,FSIILLYILCALLTITVAILG
Q5QGZ9,CL12A_HUMAN,C-type lectin domain family 12 member A (C-type lectin-like molecule 1) (CLL-1) (Dendritic cell-associated lectin 2) (DCAL-2) (Myeloid inhibitory C-type lectin-like receptor) (MICL),CLEC12A CLL1 DCAL2 MICL,265,LFLTLLCLLLLIGLGVLASMF
Q5SRI9,MANEA_HUMAN,"Glycoprotein endo-alpha-1,2-mannosidase (Endo-alpha mannosidase) (Endomannosidase) (hEndo) (EC 3.2.1.130) (Mandaselin)",MANEA,462,CIILALFILFIFSLMMGLKML
Q5T4J0,GCNT6_HUMAN,"Beta-1,3-galactosyl-O-glycosyl-glycoprotein beta-1,6-N-acetylglucosaminyltransferase 6 (EC 2.4.1.-)",GCNT6,391,VWSCYLCIITLQIIIIVTVLY
Q5T7M9,FA69A_HUMAN,Protein FAM69A,FAM69A,428,YLFFSWLVVFVGSWIIYVQYS
Q5TAT6,CODA1_HUMAN,Collagen alpha-1(XIII) chain (COLXIIIA1),COL13A1,717,CGLLTLALCSLALSLLA
Q5U4P2,ASPH1_HUMAN,Aspartate beta-hydroxylase domain-containing protein 1 (EC 1.14.11.-),ASPHD1,390,LPLASSALTLLFGALTSLFLWYC
Q5VSG8,MANEL_HUMAN,"Glycoprotein endo-alpha-1,2-mannosidase-like protein (EC 3.2.1.-)",MANEAL,457,CIALFLVLLFAFGTLMGLRTL
Q5VUD6,FA69B_HUMAN,Protein FAM69B,FAM69B C9orf136 PP6977,431,CIFLAWLGVFAGSWLVYVHYS
Q5VUY2,ADCL4_HUMAN,Arylacetamide deacetylase-like 4 (EC 3.1.1.-),AADACL4,407,WLVLLLALPIFFLGVFVWAVF
Q68CJ9,CR3L3_HUMAN,Cyclic AMP-responsive element-binding protein 3-like protein 3 (cAMP-responsive element-binding protein 3-like protein 3) (Transcription factor CREB-H) [Cleaved into: Processed cyclic AMP-responsive element-binding protein 3-like protein 3],CREB3L3 CREBH HYST1481,461,CVAVLLLSFALIILPSISPFG
Q68CQ7,GL8D1_HUMAN,Glycosyltransferase 8 domain-containing protein 1 (EC 2.4.1.-),GLT8D1 GALA4A AD-017 MSTP137 UNQ572/PRO1134,371,IIILVLAVALFLLVLHHNFLS
Q6AZY7,SCAR3_HUMAN,Scavenger receptor class A member 3 (Cellular stress response gene protein),SCARA3 CSR,606,ILYLFLALLLVAVAVLASLVF
Q6EIG7,CLC6A_HUMAN,C-type lectin domain family 6 member A (C-type lectin superfamily member 10) (Dendritic cell-associated C-type lectin 2) (DC-associated C-type lectin 2) (Dectin-2),CLEC6A CLECSF10 DECTIN2,209,WSVAGISIALLSACFIVSCVV
Q6IAN0,DRS7B_HUMAN,Dehydrogenase/reductase SDR family member 7B (EC 1.1.-.-),DHRS7B CGI-93 UNQ212/PRO238,325,FITSTAILPLLFGCLGVFGLF
Q6ICH7,ASPH2_HUMAN,Aspartate beta-hydroxylase domain-containing protein 2 (EC 1.14.11.-),ASPHD2,369,TAVITVACLLVLFVWYCYHVG
Q6IS24,GLTL3_HUMAN,Putative polypeptide N-acetylgalactosaminyltransferase-like protein 3 (EC 2.4.1.41) (Polypeptide GalNAc transferase-like protein 3) (GalNAc-T-like protein 3) (pp-GaNTase-like protein 3) (Protein-UDP acetylgalactosaminyltransferase-like protein 3) (UDP-GalNAc:polypeptide N-acetylgalactosaminyltransferase-like protein 3) (Williams-Beuren syndrome chromosomal region 17 protein),WBSCR17 GALNTL3,598,VKVLLVLNLIAVAGFVLFLAK
Q6L9W6,B4GN3_HUMAN,"N-acetyl-beta-glucosaminyl-glycoprotein 4-beta-N-acetylgalactosaminyltransferase 2 (NGalNAc-T2) (EC 2.4.1.244) (Beta-1,4-N-acetylgalactosaminyltransferase III) (Beta4GalNAc-T3) (Beta4GalNAcT3)",B4GALNT3,998,LLLALAVVSVGLWTLYLELVA
Q6N022,TEN4_HUMAN,Teneurin-4 (Ten-4) (Protein Odd Oz/ten-m homolog 4) (Tenascin-M4) (Ten-m4),ODZ4 KIAA1302 TNM4,2769,AIVISATLVILLAYFVAMHLF
Q6NSJ0,K1161_HUMAN,Uncharacterized family 31 glucosidase KIAA1161 (EC 3.2.1.-),KIAA1161,714,LLGSAVLGLLLVLAAVVAWCY
Q6P179,ERAP2_HUMAN,Endoplasmic reticulum aminopeptidase 2 (EC 3.4.11.-) (Leukocyte-derived arginine aminopeptidase) (L-RAP),ERAP2 LRAP,960,GFYCLTAILPQICICSQFSV
Q6P4E1,CASC4_HUMAN,Protein CASC4 (Cancer susceptibility candidate gene 4 protein),CASC4 UNQ2573/PRO6308,433,SLVLVVLLVVIVVLAFNYWSI
Q6P4F1,FUT10_HUMAN,"Alpha-(1,3)-fucosyltransferase 10 (EC 2.4.1.-) (Fucosyltransferase X) (Fuc-TX) (FucT-X) (Galactoside 3-L-fucosyltransferase 10) (Fucosyltransferase 10)",FUT10,479,LLASCLCVTATVFLLVTLQVMVE
Q6P531,GGT6_HUMAN,Gamma-glutamyltransferase 6 (GGT 6) (EC 2.3.2.2) (Gamma-glutamyltranspeptidase 6) [Cleaved into: Gamma-glutamyltransferase 6 heavy chain; Gamma-glutamyltransferase 6 light chain],GGT6,493,GTWARVVAALLLLAVGCSLAV
Q6P9A2,GLTL4_HUMAN,Putative polypeptide N-acetylgalactosaminyltransferase-like protein 4 (EC 2.4.1.41) (Polypeptide GalNAc transferase-like protein 4) (GalNAc-T-like protein 4) (pp-GaNTase-like protein 4) (Protein-UDP acetylgalactosaminyltransferase-like protein 4) (UDP-GalNAc:polypeptide N-acetylgalactosaminyltransferase-like protein 4),GALNTL4,607,TCVILSGMTNIICLLYVGWVTNY
Q6PIU2,NCEH1_HUMAN,Neutral cholesterol ester hydrolase 1 (NCEH) (EC 3.1.1.-) (Arylacetamide deacetylase-like 1),NCEH1 AADACL1 KIAA1363,408,CVLLTALVALAAYYVYIPLPG
Q6PK18,CQ101_HUMAN,PKHD domain-containing transmembrane protein C17orf101 (EC 1.14.-.-),C17orf101,319,WLRTAGLGAGFVLTALLLWSSLG
Q6Q4G3,AMPQ_HUMAN,Aminopeptidase Q (AP-Q) (EC 3.4.11.-) (CHL2 antigen) (Laeverin),AQPEP LVRN,990,AVALLLAGLVAALLLALAVLA
Q6UVW9,CLC2A_HUMAN,C-type lectin domain family 2 member A (Keratinocyte-associated C-type lectin) (KACL) (Proliferation-induced lymphocyte-associated receptor) (PILAR),CLEC2A KACL UNQ5792/PRO19597,174,IGLMCFLSIIITTVCIIMIAT
Q6UWH4,F198B_HUMAN,Protein FAM198B (Expressed in nerve and epithelium during development),FAM198B C4orf18 ENED AD021 UNQ2512/PRO6001,519,LLLGTACAIYLGFLVSQV
Q6UX72,B3GN9_HUMAN,"UDP-GlcNAc:betaGal beta-1,3-N-acetylglucosaminyltransferase 9 (BGnT-9) (Beta-1,3-Gn-T9) (Beta-1,3-N-acetylglucosaminyltransferase 9) (Beta3Gn-T9) (EC 2.4.1.-)",B3GNT9 UNQ1922/PRO4397,402,ALLTLLLGASLGLLLYA
Q6UXB4,CLC4G_HUMAN,C-type lectin domain family 4 member G,CLEC4G UNQ431/PRO792,293,LFLALAVLVTTVLWAVILSIL
Q6UXN8,CLC9A_HUMAN,C-type lectin domain family 9 member A,CLEC9A UNQ9341/PRO34046,241,VMVISCVFCMGLLTASIFLGV
Q6Y288,B3GLT_HUMAN,"Beta-1,3-glucosyltransferase (Beta3Glc-T) (EC 2.4.1.-) (Beta-3-glycosyltransferase-like)",B3GALTL B3GTL,498,WWLLAPPALLALLTCSLAFGL
Q6ZMB0,B3GN6_HUMAN,"UDP-GlcNAc:betaGal beta-1,3-N-acetylglucosaminyltransferase 6 (BGnT-6) (Beta-1,3-Gn-T6) (Beta-1,3-N-acetylglucosaminyltransferase 6) (Beta3Gn-T6) (EC 2.4.1.-) (Core 3 synthase)",B3GNT6,384,TLACLLVGVSFLALQQWFL
Q6ZMI3,GLDN_HUMAN,Gliomedin,GLDN COLM UNQ9339/PRO34011,551,GALAAVALLSALNAAGTVFALC
Q6ZMJ2,SCAR5_HUMAN,Scavenger receptor class A member 5 (Scavenger receptor hlg),SCARA5 UNQ2938/PRO28700,495,AVLGLYLLVFLILVGIFILAV
Q6ZMR5,TM11A_HUMAN,Transmembrane protease serine 11A (EC 3.4.21.-) (Airway trypsin-like protease 1) (Epidermal type-II transmembrane serine protease) (Esophageal cancer-susceptibility gene 1 protein),TMPRSS11A ECRG1 HATL1 HESP,421,MIAVLIVLSLTVVAVTIGLLV
Q6ZNI0,GCNT7_HUMAN,"Beta-1,3-galactosyl-O-glycosyl-glycoprotein beta-1,6-N-acetylglucosaminyltransferase 7 (EC 2.4.1.-)",GCNT7 C20orf105,430,SGLVVRAVICIFIFLYL
Q6ZS10,CL17A_HUMAN,"C-type lectin domain family 17, member A (Prolectin)",CLEC17A,378,LCLLVVTSLFLGCLGLTVTLI
Q6ZWK6,TM11F_HUMAN,Transmembrane protease serine 11F (EC 3.4.21.-) (Airway trypsin-like protease 4),TMPRSS11F HATL4,438,FTLAIVAIIGIAIGIVTHFVV
Q70JA7,CHSS3_HUMAN,Chondroitin sulfate synthase 3 (EC 2.4.1.175) (EC 2.4.1.226) (Carbohydrate synthase 2) (Chondroitin glucuronyltransferase 3) (Chondroitin synthase 2) (ChSy-2) (Glucuronosyl-N-acetylgalactosaminyl-proteoglycan 4-beta-N-acetylgalactosaminyltransferase II) (N-acetylgalactosaminyl-proteoglycan 3-beta-glucuronosyltransferase 3) (N-acetylgalactosaminyltransferase 3),CHSY3 CHSY2 CSS3,882,PWMSVALGLVLGFTAASWLIA
Q70SY1,CR3L2_HUMAN,Cyclic AMP-responsive element-binding protein 3-like protein 2 (cAMP-responsive element-binding protein 3-like protein 2) (BBF2 human homolog on chromosome 7) [Cleaved into: Processed cyclic AMP-responsive element-binding protein 3-like protein 2],CREB3L2 BBF2H7,520,LMVVVLCFAVAFGSFFQGYGP
Q76KP1,B4GN4_HUMAN,"N-acetyl-beta-glucosaminyl-glycoprotein 4-beta-N-acetylgalactosaminyltransferase 1 (NGalNAc-T1) (EC 2.4.1.244) (Beta-1,4-N-acetylgalactosaminyltransferase IV) (Beta4GalNAc-T4) (Beta4GalNAcT4)",B4GALNT4,1039,LLLLLLLSCAAWLTYVHLGLV
Q7L1S5,CHST9_HUMAN,Carbohydrate sulfotransferase 9 (EC 2.8.2.-) (GalNAc-4-O-sulfotransferase 2) (GalNAc-4-ST2) (GalNAc4ST-2) (N-acetylgalactosamine-4-O-sulfotransferase 2),CHST9 UNQ2549/PRO6175,443,VFLSVLIFGVAGLLLFMYLQV
Q7L211,ABHDD_HUMAN,Abhydrolase domain-containing protein 13 (EC 3.-.-.-),ABHD13 C13orf6,337,FHLYGGIILLLLIFISIAGIL
Q7L5N7,PCAT2_HUMAN,Lysophosphatidylcholine acyltransferase 2 (LPC acyltransferase 2) (LPCAT-2) (LysoPC acyltransferase 2) (EC 2.3.1.-) (1-acylglycerophosphocholine O-acyltransferase) (EC 2.3.1.23) (1-alkylglycerophosphocholine O-acetyltransferase) (EC 2.3.1.67) (Acetyl-CoA:lyso-platelet-activating factor acetyltransferase) (Acetyl-CoA:lyso-PAF acetyltransferase) (Lyso-PAF acetyltransferase) (LysoPAFAT) (Acyltransferase-like 1),LPCAT2 AYTL1,544,IVLLGIILLPIRVLLVALILL
Q7LFX5,CHSTF_HUMAN,Carbohydrate sulfotransferase 15 (EC 2.8.2.33) (B-cell RAG-associated gene protein) (hBRAG) (N-acetylgalactosamine 4-sulfate 6-O-sulfotransferase) (GalNAc4S-6ST),CHST15 BRAG GALNAC4S6ST KIAA0598,561,SLVFGLIIMTLVMASYILSGA
Q7LGA3,HS2ST_HUMAN,Heparan sulfate 2-O-sulfotransferase 1 (2-O-sulfotransferase) (2OST) (EC 2.8.2.-),HS2ST1 HS2ST KIAA0448,356,LQLLAVVAFAVAMLFLE
Q7LGC8,CHST3_HUMAN,Carbohydrate sulfotransferase 3 (EC 2.8.2.17) (Chondroitin 6-O-sulfotransferase 1) (C6ST-1) (Chondroitin 6-sulfotransferase) (Galactose/N-acetylglucosamine/N-acetylglucosamine 6-O-sulfotransferase 0) (GST-0),CHST3,479,RSKYALFLVFVVIVFVFI
Q7RTY8,TMPS7_HUMAN,Transmembrane protease serine 7 (EC 3.4.21.-) (Matriptase-3),TMPRSS7,843,IILFTVFLFILAVIAWTLLWL
Q7Z410,TMPS9_HUMAN,Transmembrane protease serine 9 (EC 3.4.21.-) (Polyserase-I) (Polyserine protease 1) (Polyserase-1) [Cleaved into: Serase-1; Serase-2; Serase-3],TMPRSS9,1059,SIGVVATSLVVLTLGVLLAFL
Q7Z412,PEX26_HUMAN,Peroxisome assembly protein 26 (Peroxin-26),PEX26,305,FFSLPFKKSLLAALILCLLVV
Q7Z4J2,GL6D1_HUMAN,Glycosyltransferase 6 domain-containing protein 1 (EC 2.4.1.-) (Galactosyltransferase family 6 domain-containing 1),GLT6D1 GLTDC1 GT6M7,308,LLLVLFAFSLMLVERYF
Q7Z4T8,GLTL5_HUMAN,Putative polypeptide N-acetylgalactosaminyltransferase-like protein 5 (EC 2.4.1.-) (Polypeptide GalNAc transferase 15) (GalNAc-T15) (pp-GaNTase 15) (Protein-UDP acetylgalactosaminyltransferase 15) (UDP-GalNAc:polypeptide N-acetylgalactosaminyltransferase 15),GALNTL5 GALNT15,443,IIQGLFYGSLTFGIWTALLFIYL
Q7Z7M8,B3GN8_HUMAN,"UDP-GlcNAc:betaGal beta-1,3-N-acetylglucosaminyltransferase 8 (BGnT-8) (Beta-1,3-Gn-T8) (Beta-1,3-N-acetylglucosaminyltransferase 8) (Beta3Gn-T8) (EC 2.4.1.-)",B3GNT8 B3GALT7 BGALT15,397,LLCLSALLTLLGLKVYI
Q7Z7M9,GALT5_HUMAN,Polypeptide N-acetylgalactosaminyltransferase 5 (EC 2.4.1.41) (Polypeptide GalNAc transferase 5) (GalNAc-T5) (pp-GaNTase 5) (Protein-UDP acetylgalactosaminyltransferase 5) (UDP-GalNAc:polypeptide N-acetylgalactosaminyltransferase 5),GALNT5,940,RVLAFIFVASVIWLLFDMAALRL
Q86SF2,GALT7_HUMAN,N-acetylgalactosaminyltransferase 7 (EC 2.4.1.-) (Polypeptide GalNAc transferase 7) (GalNAc-T7) (pp-GaNTase 7) (Protein-UDP acetylgalactosaminyltransferase 7) (UDP-GalNAc:polypeptide N-acetylgalactosaminyltransferase 7),GALNT7,657,FILRSLLVVGSFLGLVVLWSSLT
Q86SR1,GLT10_HUMAN,Polypeptide N-acetylgalactosaminyltransferase 10 (EC 2.4.1.41) (Polypeptide GalNAc transferase 10) (GalNAc-T10) (pp-GaNTase 10) (Protein-UDP acetylgalactosaminyltransferase 10) (UDP-GalNAc:polypeptide N-acetylgalactosaminyltransferase 10),GALNT10,603,VALVLAALVLLPNVGLWALY
Q86T26,TM11B_HUMAN,Transmembrane protease serine 11B (EC 3.4.21.-) (Airway trypsin-like protease 5),TMPRSS11B HATL5,416,IFIFLGVAAILGVTIGLLVHF
Q86UP2,KTN1_HUMAN,Kinectin (CG-1 antigen) (Kinesin receptor),KTN1 CG1 KIAA0004,1357,AYFIVLIPSIVITVIFLFFWLFM
Q86VU5,CMTD1_HUMAN,Catechol O-methyltransferase domain-containing protein 1 (EC 2.1.1.-),COMTD1 UNQ766/PRO1558,262,AALALGSAALGAAFATGLFLG
Q86W10,CP4Z1_HUMAN,Cytochrome P450 4Z1 (EC 1.14.14.1) (CYPIVZ1),CYP4Z1 UNQ3060/PRO9882,505,MAHPFLLLILLCMSLLLFQVI
Q86X52,CHSS1_HUMAN,Chondroitin sulfate synthase 1 (EC 2.4.1.175) (EC 2.4.1.226) (Chondroitin glucuronyltransferase 1) (Chondroitin synthase 1) (ChSy-1) (Glucuronosyl-N-acetylgalactosaminyl-proteoglycan 4-beta-N-acetylgalactosaminyltransferase 1) (N-acetylgalactosaminyl-proteoglycan 3-beta-glucuronosyltransferase 1) (N-acetylgalactosaminyltransferase 1),CHSY1 CHSY CSS1 KIAA0990 UNQ756/PRO1487,802,AWLSVLLGLVLGFVLASRLVL
Q86Y22,CONA1_HUMAN,Collagen alpha-1(XXIII) chain,COL23A1,540,AVSALCLLLSVGSAAACLLLGV
Q86Y38,XYLT1_HUMAN,Xylosyltransferase 1 (EC 2.4.2.26) (Peptide O-xylosyltransferase 1) (Xylosyltransferase I) (XT-I) (XylT-I),XYLT1 XT1,959,LLAALTVLLLQTLVVWNFSSL
Q8IU80,TMPS6_HUMAN,Transmembrane protease serine 6 (EC 3.4.21.-) (Matriptase-2),TMPRSS6 UNQ354/PRO618,811,LFVLLALLVLASAGVLLWYFL
Q8IUC8,GLT13_HUMAN,Polypeptide N-acetylgalactosaminyltransferase 13 (EC 2.4.1.41) (Polypeptide GalNAc transferase 13) (GalNAc-T13) (pp-GaNTase 13) (Protein-UDP acetylgalactosaminyltransferase 13) (UDP-GalNAc:polypeptide N-acetylgalactosaminyltransferase 13),GALNT13 KIAA1918,556,VYCKVVLATSLMWVLVDVFLLLY
Q8IUN9,CLC10_HUMAN,C-type lectin domain family 10 member A (C-type lectin superfamily member 14) (Macrophage lectin 2) (CD antigen CD301),CLEC10A CLECSF13 CLECSF14 HML,316,HLLLSLGLGLLLLVIICVVGF
Q8IUS5,EPHX4_HUMAN,Epoxide hydrolase 4 (EC 3.3.-.-) (Abhydrolase domain-containing protein 7) (Epoxide hydrolase-related protein),EPHX4 ABHD7 EPHXRP,362,SLLFWSLVYCYCGLCASIHLL
Q8IV08,PLD3_HUMAN,Phospholipase D3 (PLD 3) (EC 3.1.4.4) (Choline phosphatase 3) (HindIII K4L homolog) (Hu-K4) (Phosphatidylcholine-hydrolyzing phospholipase D3),PLD3,490,VLLVLILAVVGFGALMTQLFL
Q8IX19,MCEM1_HUMAN,Mast cell-expressed membrane protein 1,MCEMP1 C19orf59,187,LYILLALAFVLCIILSAFIMV
Q8IXA5,SACA3_HUMAN,"Sperm acrosome membrane-associated protein 3 (Cancer/testis antigen 54) (CT54) (Lysozyme-like acrosomal sperm-specific secretory protein ALLP-17) (Lysozyme-like protein 3) (Sperm lysozyme-like protein 1) (Sperm protein reactive with antisperm antibodies) (Sperm protein reactive with ASA) [Cleaved into: Sperm acrosome membrane-associated protein 3, membrane form; Sperm acrosome membrane-associated protein 3, processed form]",SPACA3 LYC3 LYZL3 SLLP1 SPRASA UNQ424/PRO862,215,WCPAGIMLLALVCLLSCLLPS
Q8IXK2,GLT12_HUMAN,Polypeptide N-acetylgalactosaminyltransferase 12 (EC 2.4.1.41) (Polypeptide GalNAc transferase 12) (GalNAc-T12) (pp-GaNTase 12) (Protein-UDP acetylgalactosaminyltransferase 12) (UDP-GalNAc:polypeptide N-acetylgalactosaminyltransferase 12),GALNT12,581,ALLVLLALLALAGLGSVL
Q8IZ52,CHSS2_HUMAN,Chondroitin sulfate synthase 2 (EC 2.4.1.175) (EC 2.4.1.226) (Chondroitin glucuronyltransferase 2) (Chondroitin-polymerizing factor) (ChPF) (Glucuronosyl-N-acetylgalactosaminyl-proteoglycan 4-beta-N-acetylgalactosaminyltransferase II) (N-acetylgalactosaminyl-proteoglycan 3-beta-glucuronosyltransferase II) (N-acetylgalactosaminyltransferase 2),CHPF CSS2 UNQ651/PRO1281,775,VAVGISLGFTLSLLSVTWV
Q8IZP7,H6ST3_HUMAN,Heparan-sulfate 6-O-sulfotransferase 3 (HS6ST-3) (EC 2.8.2.-),HS6ST3,471,FNKWLLTPVLTLLFVVIMYQYVS
Q8IZS7,CLCL1_HUMAN,C-type lectin-like domain family 1 (Dendritic cell-associated lectin 1) (DC-associated lectin-1) (DCAL-1),CLECL1 DCAL1,167,FVVFSLFLICAMAGDVVYADI
Q8IZT8,HS3S5_HUMAN,Heparan sulfate glucosamine 3-O-sulfotransferase 5 (EC 2.8.2.23) (Heparan sulfate D-glucosaminyl 3-O-sulfotransferase 5) (3-OST-5) (Heparan sulfate 3-O-sulfotransferase 5) (h3-OST-5),HS3ST5 3OST5 HS3OST5,346,LLVLGSLAVGSLLYLVARVG
Q8N0V5,GNT2A_HUMAN,"N-acetyllactosaminide beta-1,6-N-acetylglucosaminyl-transferase, isoform A (N-acetylglucosaminyltransferase) (EC 2.4.1.150) (I-branching enzyme) (IGNT)",GCNT2 GCNT5 II NACGT1,402,CLFSASLISALIFVFV
Q8N1L4,CP4Z2_HUMAN,Putative cytochrome P450 family member 4Z2,CYP4Z2P,340,MAHPFLLLILLCMSLLLFQVI
Q8N1N0,CLC4F_HUMAN,C-type lectin domain family 4 member F (C-type lectin superfamily member 13) (C-type lectin 13),CLEC4F CLECSF13,589,ATPAFMAVTLVFSLVTLFVVV
Q8N3T1,GLTL2_HUMAN,Polypeptide N-acetylgalactosaminyltransferase-like protein 2 (EC 2.4.1.41) (Polypeptide GalNAc transferase-like protein 2) (GalNAc-T-like protein 2) (pp-GaNTase-like protein 2) (Protein-UDP acetylgalactosaminyltransferase-like protein 2) (UDP-GalNAc:polypeptide N-acetylgalactosaminyltransferase-like protein 2),GALNTL2 UNQ770/PRO1564,639,CRLQFLLLLLMLGCVLMMVAMLH
Q8N3Y3,LARG2_HUMAN,Glycosyltransferase-like protein LARGE2 (EC 2.4.-.-) (Glycosyltransferase-like 1B),GYLTL1B LARGE2 PP5656,721,ALGAAALLLLLLLLGFLLFGG
Q8N428,GLTL1_HUMAN,Putative polypeptide N-acetylgalactosaminyltransferase-like protein 1 (EC 2.4.1.41) (Polypeptide GalNAc transferase-like protein 1) (GalNAc-T-like protein 1) (pp-GaNTase-like protein 1) (Protein-UDP acetylgalactosaminyltransferase-like protein 1) (UDP-GalNAc:polypeptide N-acetylgalactosaminyltransferase-like protein 1),GALNTL1 KIAA1130,558,NAIAILTVAWILGTFYYLWQ
Q8N4A0,GALT4_HUMAN,Polypeptide N-acetylgalactosaminyltransferase 4 (EC 2.4.1.41) (Polypeptide GalNAc transferase 4) (GalNAc-T4) (pp-GaNTase 4) (Protein-UDP acetylgalactosaminyltransferase 4) (UDP-GalNAc:polypeptide N-acetylgalactosaminyltransferase 4),GALNT4,578,LLLAFLTVAYIFVELLVSTFHAS
Q8N539,FBCD1_HUMAN,Fibrinogen C domain-containing protein 1,FIBCD1 UNQ701/PRO1346,461,TVLLALAVLLAVAVTGAVLFL
Q8N5D6,GBGT1_HUMAN,"Globoside alpha-1,3-N-acetylgalactosaminyltransferase 1 (EC 2.4.1.-) (Forssman glycolipid synthase-like protein)",GBGT1 UNQ2513/PRO6002,347,LALGLGFCLLAGTSLSVLWVY
Q8N608,DPP10_HUMAN,Inactive dipeptidyl peptidase 10 (Dipeptidyl peptidase IV-related protein 3) (DPRP-3) (Dipeptidyl peptidase X) (DPP X) (Dipeptidyl peptidase-like protein 2) (DPL2),DPP10 DPRP3 KIAA1492,796,IAIALLVILVVCSLITMSVIL
Q8N6G5,CGAT2_HUMAN,"Chondroitin sulfate N-acetylgalactosaminyltransferase 2 (EC 2.4.1.174) (Chondroitin beta-1,4-N-acetylgalactosaminyltransferase 2) (Beta4GalNAcT-2) (GalNAcT-2)",CSGALNACT2 CHGN2 GALNACT2 PRO0082,542,THWLLLGLALLCSLVLFMYLL
Q8NBJ4,GOLM1_HUMAN,Golgi membrane protein 1 (Golgi membrane protein GP73) (Golgi phosphoprotein 2),GOLM1 C9orf155 GOLPH2 PSEC0242 UNQ686/PRO1326,401,SPPLVLAALVACIIVLGFNYWIA
Q8NBZ7,UXS1_HUMAN,UDP-glucuronic acid decarboxylase 1 (EC 4.1.1.35) (UDP-glucuronate decarboxylase 1) (UGD) (UXS-1),UXS1 UNQ2538/PRO6079,420,LLLGIALLAYVASVWGNFVNM
Q8NC01,CLC1A_HUMAN,C-type lectin domain family 1 member A (C-type lectin-like receptor 1) (CLEC-1),CLEC1A CLEC1 UNQ569/PRO1131,280,TLLTLCLVLLIGLAALGLLFF
Q8NCG5,CHST4_HUMAN,Carbohydrate sulfotransferase 4 (EC 2.8.2.-) (Galactose/N-acetylglucosamine/N-acetylglucosamine 6-O-sulfotransferase 3) (GST-3) (High endothelial cells N-acetylglucosamine 6-O-sulfotransferase) (HEC-GlcNAc6ST) (L-selectin ligand sulfotransferase) (LSST) (N-acetylglucosamine 6-O-sulfotransferase 2) (GlcNAc6ST-2) (Gn6st-2),CHST4,386,KLLLFLVSQMAILALFFHMYS
Q8NCH0,CHSTE_HUMAN,Carbohydrate sulfotransferase 14 (EC 2.8.2.35) (Dermatan 4-sulfotransferase 1) (D4ST-1) (hD4ST1),CHST14 D4ST1 UNQ1925/PRO4400,376,LLPSMLMFAVIVASSGLLLMI
Q8NCL4,GALT6_HUMAN,Polypeptide N-acetylgalactosaminyltransferase 6 (EC 2.4.1.41) (Polypeptide GalNAc transferase 6) (GalNAc-T6) (pp-GaNTase 6) (Protein-UDP acetylgalactosaminyltransferase 6) (UDP-GalNAc:polypeptide N-acetylgalactosaminyltransferase 6),GALNT6,622,MPLRLAMVGCAFVLFLFLLH
Q8NCR0,B3GL2_HUMAN,"UDP-GalNAc:beta-1,3-N-acetylgalactosaminyltransferase 2 (Beta-1,3-GalNAc-T2) (EC 2.4.1.-) (Beta-1,3-N-acetylgalactosaminyltransferase II)",B3GALNT2,500,LLCPCVLGAALHLWLRL
Q8NCW6,GLT11_HUMAN,Polypeptide N-acetylgalactosaminyltransferase 11 (EC 2.4.1.41) (Polypeptide GalNAc transferase 11) (GalNAc-T11) (pp-GaNTase 11) (Protein-UDP acetylgalactosaminyltransferase 11) (UDP-GalNAc:polypeptide N-acetylgalactosaminyltransferase 11),GALNT11,608,RYFCYGCLFTSATWTVLLFVYFN
Q8NDV1,SIA7C_HUMAN,"Alpha-N-acetylgalactosaminide alpha-2,6-sialyltransferase 3 (EC 2.4.99.-) (GalNAc alpha-2,6-sialyltransferase III) (ST6GalNAc III) (ST6GalNAcIII) (STY) (Sialyltransferase 7C) (SIAT7-C)",ST6GALNAC3 SIAT7C UNQ2787/PRO7177,305,SVIAVSFIAAFLFLLVVRLV
Q8NES3,LFNG_HUMAN,"Beta-1,3-N-acetylglucosaminyltransferase lunatic fringe (EC 2.4.1.222) (O-fucosylpeptide 3-beta-N-acetylglucosaminyltransferase)",LFNG,379,LLLALAGALLACLLVLTADPP
Q8NET6,CHSTD_HUMAN,Carbohydrate sulfotransferase 13 (EC 2.8.2.5) (Chondroitin 4-O-sulfotransferase 3) (Chondroitin 4-sulfotransferase 3) (C4ST-3) (C4ST3),CHST13,341,VLAAACLGAALLLLCAAPRSL
Q8NF37,PCAT1_HUMAN,Lysophosphatidylcholine acyltransferase 1 (LPC acyltransferase 1) (LPCAT-1) (LysoPC acyltransferase 1) (EC 2.3.1.-) (1-acylglycerophosphocholine O-acyltransferase) (EC 2.3.1.23) (1-alkylglycerophosphocholine O-acetyltransferase) (EC 2.3.1.67) (Acetyl-CoA:lyso-platelet-activating factor acetyltransferase) (Acetyl-CoA:lyso-PAF acetyltransferase) (Lyso-PAF acetyltransferase) (LysoPAFAT) (Acyltransferase-like 2) (Phosphonoformate immuno-associated protein 3),LPCAT1 AYTL2 PFAAP3,534,LLVAAAMMLLAWPLALVASLG
Q8NFL0,B3GN7_HUMAN,"UDP-GlcNAc:betaGal beta-1,3-N-acetylglucosaminyltransferase 7 (BGnT-7) (Beta-1,3-Gn-T7) (Beta-1,3-N-acetylglucosaminyltransferase 7) (Beta3Gn-T7) (EC 2.4.1.-)",B3GNT7,401,TVYRSLCLALALLVAVTVFQ
Q8NFS9,GNT2C_HUMAN,"N-acetyllactosaminide beta-1,6-N-acetylglucosaminyl-transferase, isoform C (N-acetylglucosaminyltransferase) (EC 2.4.1.150) (I-branching enzyme) (IGNT)",GCNT2 GCNT5 II NACGT1,402,CFFAFTLLSVVIFV
Q8NHY0,B4GN2_HUMAN,"Beta-1,4 N-acetylgalactosaminyltransferase 2 (EC 2.4.1.-) (Sd(a) beta-1,4-GalNAc transferase) (UDP-GalNAc:Neu5Aca2-3Galb-R b1,4-N-acetylgalactosaminyltransferase)",B4GALNT2 GALGT2,566,FLWLLKILVIILVLGIVGFMF
Q8TC12,RDH11_HUMAN,Retinol dehydrogenase 11 (EC 1.1.1.300) (Androgen-regulated short-chain dehydrogenase/reductase 1) (HCV core-binding protein HCBP12) (Prostate short-chain dehydrogenase/reductase 1) (Retinal reductase 1) (RalR1),RDH11 ARSDR1 PSDR1 CGI-82,318,MVELMFPLLLLLLPFLLYMAA
Q8TDX6,CGAT1_HUMAN,"Chondroitin sulfate N-acetylgalactosaminyltransferase 1 (CsGalNAcT-1) (EC 2.4.1.174) (Chondroitin beta-1,4-N-acetylgalactosaminyltransferase 1) (Beta4GalNAcT-1)",CSGALNACT1 CHGN GALNACT1 UNQ656/PRO1287,532,VVVLLVLLCCAISVLYMLACT
Q8TEY5,CR3L4_HUMAN,Cyclic AMP-responsive element-binding protein 3-like protein 4 (cAMP-responsive element-binding protein 3-like protein 4) (Androgen-induced basic leucine zipper protein) (AIbZIP) (Attaching to CRE-like 1) (ATCE1) (Cyclic AMP-responsive element-binding protein 4) (CREB-4) (cAMP-responsive element-binding protein 4) (Transcript induced in spermiogenesis protein 40) (Tisp40) (hJAL) [Cleaved into: Processed cyclic AMP-responsive element-binding protein 3-like protein 4],CREB3L4 AIBZIP CREB4 JAL,395,TCVLILLFSLALIILPSFSPF
Q8WTT0,CLC4C_HUMAN,C-type lectin domain family 4 member C (Blood dendritic cell antigen 2) (BDCA-2) (C-type lectin superfamily member 7) (Dendritic lectin) (CD antigen CD303),CLEC4C BDCA2 CLECSF11 CLECSF7 DLEC HECL UNQ9361/PRO34150,213,WSMAVVSILLLSVCFTVSSVVPH
Q8WU67,ABHD3_HUMAN,Abhydrolase domain-containing protein 3 (EC 3.1.1.-) (Lung alpha/beta hydrolase 3),ABHD3 LABH3,409,GFFGSGVGLSLILGFSVAYAF
Q8WVQ1,CANT1_HUMAN,Soluble calcium-activated nucleotidase 1 (SCAN-1) (EC 3.6.1.6) (Apyrase homolog) (Putative MAPK-activating protein PM09) (Putative NF-kappa-B-activating protein 107),CANT1 SHAPY,401,VILTFFVGAAILWLLCSH
Q8WXI8,CLC4D_HUMAN,C-type lectin domain family 4 member D (C-type lectin superfamily member 8) (C-type lectin-like receptor 6) (CLEC-6),CLEC4D CLECSF8 MCL,215,LIPSVIAVVFILLLSVCFIAS
Q8WZA1,PMGT1_HUMAN,"Protein O-linked-mannose beta-1,2-N-acetylglucosaminyltransferase 1 (POMGnT1) (EC 2.4.1.-) (UDP-GlcNAc:alpha-D-mannoside beta-1,2-N-acetylglucosaminyltransferase I.2) (GnT I.2)",POMGNT1 MGAT1.2 UNQ746/PRO1475,660,FCQTGAVLFLLVTVIVNIKLI
Q92185,SIA8A_HUMAN,"Alpha-N-acetylneuraminide alpha-2,8-sialyltransferase (EC 2.4.99.8) (Alpha-2,8-sialyltransferase 8A) (Ganglioside GD3 synthase) (Ganglioside GT3 synthase) (Sialyltransferase 8A) (SIAT8-A) (Sialytransferase St8Sia I) (ST8SiaI)",ST8SIA1 SIAT8 SIAT8A,356,MGASALCVVVLCWLYIFPV
Q92186,SIA8B_HUMAN,"Alpha-2,8-sialyltransferase 8B (EC 2.4.99.-) (Sialyltransferase 8B) (SIAT8-B) (Sialyltransferase X) (STX) (Sialytransferase St8Sia II) (ST8SiaII)",ST8SIA2 SIAT8B STX,375,SWMLAALTLLVVFLIFA
Q92187,SIA8D_HUMAN,"CMP-N-acetylneuraminate-poly-alpha-2,8-sialyltransferase (EC 2.4.99.-) (Alpha-2,8-sialyltransferase 8D) (Polysialyltransferase-1) (Sialyltransferase 8D) (SIAT8-D) (Sialytransferase St8Sia IV) (ST8SiaIV)",ST8SIA4 PST PST1 SIAT8D,359,WTICTISLLLIFY
Q92478,CLC2B_HUMAN,C-type lectin domain family 2 member B (Activation-induced C-type lectin) (C-type lectin superfamily member 2) (IFN-alpha-2b-inducing-related protein 1),CLEC2B AICL CLECSF2 IFNRG1,149,CFIIVGVLITTNIITLIV
Q92611,EDEM1_HUMAN,ER degradation-enhancing alpha-mannosidase-like 1,EDEM1 EDEM KIAA0212,657,ALVLGLVLLRLGLHGVLWLVF
Q92629,SGCD_HUMAN,Delta-sarcoglycan (Delta-SG) (35 kDa dystrophin-associated glycoprotein) (35DAG),SGCD,289,FFVLLLMILILVNLAMTIWIL
Q92838,EDA_HUMAN,"Ectodysplasin-A (Ectodermal dysplasia protein) (EDA protein) [Cleaved into: Ectodysplasin-A, membrane form; Ectodysplasin-A, secreted form]",EDA ED1 EDA2,391,LFLGFFGLSLALHLLTLCCYL
Q92935,EXTL1_HUMAN,Exostosin-like 1 (EC 2.4.1.224) (Exostosin-L) (Glucuronosyl-N-acetylglucosaminyl-proteoglycan 4-alpha-N-acetylglucosaminyltransferase) (Multiple exostosis-like protein),EXTL1 EXTL,676,LWLALSASWLLLVLLGGFSLL
Q93063,EXT2_HUMAN,Exostosin-2 (EC 2.4.1.224) (EC 2.4.1.225) (Glucuronosyl-N-acetylglucosaminyl-proteoglycan/N-acetylglucosaminyl-proteoglycan 4-alpha-N-acetylglucosaminyltransferase) (Multiple exostoses protein 2) (Putative tumor suppressor protein EXT2),EXT2,718,YITLFSIVLLGLIATGMFQFW
Q969X2,SIA7F_HUMAN,"Alpha-N-acetylgalactosaminide alpha-2,6-sialyltransferase 6 (EC 2.4.99.-) (GalNAc alpha-2,6-sialyltransferase VI) (ST6GalNAc VI) (ST6GalNAcVI) (hST6GalNAc VI) (Sialyltransferase 7F) (SIAT7-F)",ST6GALNAC6 SIAT7F UNQ708/PRO1359,333,AVFVILFALITILILYSSNSA
Q96A11,G3ST3_HUMAN,"Galactose-3-O-sulfotransferase 3 (Gal3ST-3) (EC 2.8.2.-) (Beta-galactose-3-O-sulfotransferase 3) (Gal3ST3) (Gal-beta-1, 3-GalNAc 3'-sulfotransferase 3)",GAL3ST3,431,ILLLVLGCSTVSLLIHQGAQL
Q96AD5,PLPL2_HUMAN,Patatin-like phospholipase domain-containing protein 2 (EC 3.1.1.3) (Adipose triglyceride lipase) (Calcium-independent phospholipase A2) (Desnutrin) (IPLA2-zeta) (Pigment epithelium-derived factor) (TTS2.2) (Transport-secretion protein 2) (TTS2),PNPLA2 ATGL FP17548,504,NISFAGCGFLGVYYVGVASCL
Q96AG4,LRC59_HUMAN,Leucine-rich repeat-containing protein 59,LRRC59 PRO1855,307,WAVLKLLLLLLLFGVAGGLVA
Q96BA8,CR3L1_HUMAN,Cyclic AMP-responsive element-binding protein 3-like protein 1 (cAMP-responsive element-binding protein 3-like protein 1) (Old astrocyte specifically-induced substance) (OASIS) [Cleaved into: Processed cyclic AMP-responsive element-binding protein 3-like protein 1],CREB3L1 OASIS PSEC0238,519,CLMVAALCFVLVLGSLVPCLP
Q96E93,KLRG1_HUMAN,Killer cell lectin-like receptor subfamily G member 1 (C-type lectin domain family 15 member A) (ITIM-containing receptor MAFA-L) (MAFA-like receptor) (Mast cell function-associated antigen),KLRG1 CLEC15A MAFA MAFAL,195,VAIALGLLTAVLLSVLLYQWI
Q96EU7,C1GLC_HUMAN,"C1GALT1-specific chaperone 1 (C38H2-like protein 1) (C38H2-L1) (Core 1 beta1,3-galactosyltransferase 2) (C1Gal-T2) (C1GalT2) (Core 1 beta3-Gal-T2) (Core 1 beta3-galactosyltransferase-specific molecular chaperone)",C1GALT1C1 COSMC HSPC067 MSTP143 UNQ273/PRO310,318,SFLKGVMLGSIFCALITMLG
Q96FL9,GLT14_HUMAN,Polypeptide N-acetylgalactosaminyltransferase 14 (EC 2.4.1.41) (Polypeptide GalNAc transferase 14) (GalNAc-T14) (pp-GaNTase 14) (Protein-UDP acetylgalactosaminyltransferase 14) (UDP-GalNAc:polypeptide N-acetylgalactosaminyltransferase 14),GALNT14 UNQ2434/PRO4994,552,RLVLPVFGVLWITVLLFFWV
Q96JF0,SIAT2_HUMAN,"Beta-galactoside alpha-2,6-sialyltransferase 2 (Alpha 2,6-ST 2) (EC 2.4.99.1) (CMP-N-acetylneuraminate-beta-galactosamide-alpha-2,6-sialyltransferase 2) (ST6Gal II) (ST6GalII) (hST6Gal II) (Sialyltransferase 2)",ST6GAL2 KIAA1877 SIAT2,529,MLFGIFAWGLLFLLIFIYFTD
Q96L58,B3GT6_HUMAN,"Beta-1,3-galactosyltransferase 6 (Beta-1,3-GalTase 6) (Beta3Gal-T6) (Beta3GalT6) (EC 2.4.1.134) (GAG GalTII) (Galactosyltransferase II) (Galactosylxylosylprotein 3-beta-galactosyltransferase) (UDP-Gal:betaGal beta 1,3-galactosyltransferase polypeptide 6)",B3GALT6,329,AALGLGTLALCGAALLYLARCAA
Q96LD1,SGCZ_HUMAN,Zeta-sarcoglycan (Zeta-SG) (ZSG1),SGCZ,299,FFVLLLLVTMIVNLAMTIWIL
Q96MM7,H6ST2_HUMAN,Heparan-sulfate 6-O-sulfotransferase 2 (HS6ST-2) (EC 2.8.2.-),HS6ST2 PSEC0092,605,ACAVREFEPPRQPERGAPVRTTC
Q96QI5,HS3S6_HUMAN,Heparan sulfate glucosamine 3-O-sulfotransferase 6 (EC 2.8.2.23) (Heparan sulfate D-glucosaminyl 3-O-sulfotransferase 6) (3-OST-6) (Heparan sulfate 3-O-sulfotransferase 6) (h3-OST-6),HS3ST6 HS3ST5,342,MLLVALVLGAYCLCALPG
Q96RP7,G3ST4_HUMAN,"Galactose-3-O-sulfotransferase 4 (Gal3ST-4) (EC 2.8.2.-) (Beta-galactose-3-O-sulfotransferase 4) (Gal-beta-1,3-GalNAc 3'-sulfotransferase)",GAL3ST4 PP6968,486,GVALGVFMTIGFALQLLGGPF
Q96SE0,ABHD1_HUMAN,Abhydrolase domain-containing protein 1 (EC 3.1.1.-) (Lung alpha/beta hydrolase 1),ABHD1 LABH1,405,FSLLLALAVALYLGYYWACVL
Q99941,ATF6B_HUMAN,Cyclic AMP-dependent transcription factor ATF-6 beta (cAMP-dependent transcription factor ATF-6 beta) (Activating transcription factor 6 beta) (ATF6-beta) (Protein G13) (cAMP response element-binding protein-related protein) (Creb-rp) (cAMP-responsive element-binding protein-like 1) [Cleaved into: Processed cyclic AMP-dependent transcription factor ATF-6 beta],ATF6B CREBL1 G13,703,VVCIMVFLLFIAFNFGPVSIS
Q99999,G3ST1_HUMAN,Galactosylceramide sulfotransferase (GalCer sulfotransferase) (EC 2.8.2.11) (3'-phosphoadenosine-5'-phosphosulfate:GalCer sulfotransferase) (3'-phosphoadenylylsulfate:galactosylceramide 3'-sulfotransferase) (Cerebroside sulfotransferase),GAL3ST1 CST,423,GLVLGALFTSFLLLVYSYAVP
Q9BT22,ALG1_HUMAN,"Chitobiosyldiphosphodolichol beta-mannosyltransferase (EC 2.4.1.142) (Asparagine-linked glycosylation protein 1 homolog) (Beta-1,4-mannosyltransferase) (GDP-Man:GlcNAc2-PP-dolichol mannosyltransferase) (GDP-mannose-dolichol diphosphochitobiose mannosyltransferase) (Mannosyltransferase-1) (MT-1) (hMat-1)",ALG1 HMAT1 HMT1 PSEC0061 UNQ861/PRO1870,464,ASCLVLLALCLLLPLLLLGGW
Q9BUJ0,ABHEA_HUMAN,Abhydrolase domain-containing protein 14A (EC 3.-.-.-),ABHD14A UNQ1913/PRO4373,271,VALLGLSLLLMLLLYVGLPGP
Q9BV23,ABHD6_HUMAN,Monoacylglycerol lipase ABHD6 (EC 3.1.1.23) (2-arachidonoylglycerol hydrolase) (Abhydrolase domain-containing protein 6),ABHD6,337,FVIAGGTLAIPILAFVASFLL
Q9BVH7,SIA7E_HUMAN,"Alpha-N-acetylgalactosaminide alpha-2,6-sialyltransferase 5 (EC 2.4.99.-) (GD1 alpha synthase) (GalNAc alpha-2,6-sialyltransferase V) (ST6GalNAc V) (ST6GalNAcV) (Sialyltransferase 7E) (SIAT7-E)",ST6GALNAC5 SIAT7E,336,LAVCLALTTMCTSLLLVYSSL
Q9BX97,PLVAP_HUMAN,Plasmalemma vesicle-associated protein (Fenestrated endothelial-linked structure protein) (Plasmalemma vesicle protein 1) (PV-1),PLVAP FELS PV1,442,FFLFVSLIQFLIILGLVLFMV
Q9BXN2,CLC7A_HUMAN,C-type lectin domain family 7 member A (Beta-glucan receptor) (C-type lectin superfamily member 12) (Dendritic cell-associated C-type lectin 1) (DC-associated C-type lectin 1) (Dectin-1),CLEC7A BGR CLECSF12 DECTIN1 UNQ539/PRO1082,247,LIAVILGILCLVILVIAVVLG
Q9BXS0,COPA1_HUMAN,Collagen alpha-1(XXV) chain (Alzheimer disease amyloid-associated protein) (AMY) (CLAC-P) [Cleaved into: Collagen-like Alzheimer amyloid plaque component (CLAC)],COL25A1,654,CAVLAALLSVVAVVSCLYLGV
Q9BY50,SC11C_HUMAN,Signal peptidase complex catalytic subunit SEC11C (EC 3.4.21.89) (Microsomal signal peptidase 21 kDa subunit) (SPase 21 kDa subunit) (SEC11 homolog C) (SEC11-like protein 3) (SPC21),SEC11C SEC11L3 SPC21 SPCS4C,192,QLYYQVLNFAMIVSSALMIW
Q9BY79,MFRP_HUMAN,Membrane frizzled-related protein (Membrane-type frizzled-related protein),MFRP,579,VLLLSSLLLLLLGLLVAIILA
Q9BYC5,FUT8_HUMAN,"Alpha-(1,6)-fucosyltransferase (alpha1-6FucT) (EC 2.4.1.68) (Fucosyltransferase 8) (GDP-L-Fuc:N-acetyl-beta-D-glucosaminide alpha1,6-fucosyltransferase) (GDP-fucose--glycoprotein fucosyltransferase) (Glycoprotein 6-alpha-L-fucosyltransferase)",FUT8,575,WIMLILFAWGTLLFYIGGHLV
Q9BYE2,TMPSD_HUMAN,Transmembrane protease serine 13 (EC 3.4.21.-) (Membrane-type mosaic serine protease) (Mosaic serine protease),TMPRSS13 MSP TMPRSS11,581,LPLIGCVLLLIALVVSLIILF
Q9BYG0,B3GN5_HUMAN,"UDP-GlcNAc:betaGal beta-1,3-N-acetylglucosaminyltransferase 5 (BGnT-5) (Beta-1,3-Gn-T5) (Beta-1,3-N-acetylglucosaminyltransferase 5) (Beta3Gn-T5) (EC 2.4.1.-) (Lactotriaosylceramide synthase) (Lc(3)Cer synthase) (Lc3 synthase)",B3GNT5,378,LIIQLFATCFLASLMFFWEPI
Q9C0J1,B3GN4_HUMAN,"UDP-GlcNAc:betaGal beta-1,3-N-acetylglucosaminyltransferase 4 (BGnT-4) (Beta-1,3-Gn-T4) (Beta-1,3-N-acetylglucosaminyltransferase 4) (Beta3Gn-T4) (EC 2.4.1.-)",B3GNT4 UNQ1898/PRO4344,378,RLCWLVSYSLAVLLLGCLLFL
Q9GZS9,CHST5_HUMAN,Carbohydrate sulfotransferase 5 (EC 2.8.2.-) (Galactose/N-acetylglucosamine/N-acetylglucosamine 6-O-sulfotransferase 4-alpha) (GST4-alpha) (Intestinal N-acetylglucosamine-6-O-sulfotransferase) (I-GlcNAc6ST) (Intestinal GlcNAc-6-sulfotransferase) (hIGn6ST) (N-acetylglucosamine 6-O-sulfotransferase 3) (GlcNAc6ST-3) (Gn6st-3),CHST5,411,TVTVLLLAQTTCLLLFII
Q9GZX3,CHST6_HUMAN,Carbohydrate sulfotransferase 6 (EC 2.8.2.-) (Corneal N-acetylglucosamine-6-O-sulfotransferase) (C-GlcNAc6ST) (hCGn6ST) (Galactose/N-acetylglucosamine/N-acetylglucosamine 6-O-sulfotransferase 4-beta) (GST4-beta) (N-acetylglucosamine 6-O-sulfotransferase 5) (GlcNAc6ST-5) (Gn6st-5),CHST6,395,VSSTAVTALLLAQTFLLLFLV
Q9H0X4,ITFG3_HUMAN,Protein ITFG3,ITFG3 C16orf9,552,AAFFLSLFLCLFVVFVVSFVI
Q9H1B5,XYLT2_HUMAN,Xylosyltransferase 2 (EC 2.4.2.26) (Peptide O-xylosyltransferase 1) (Xylosyltransferase II) (XT-II) (XylT-II),XYLT2 XT2 UNQ3058/PRO9878,865,LAIATALAILLLQGLVVWSFS
Q9H1C3,GL8D2_HUMAN,Glycosyltransferase 8 domain-containing protein 2 (EC 2.4.1.-),GLT8D2 GALA4A UNQ1901/PRO4347,349,INQVLLFLLIVTLCVILY
Q9H2A9,CHST8_HUMAN,Carbohydrate sulfotransferase 8 (EC 2.8.2.-) (GalNAc-4-O-sulfotransferase 1) (GalNAc-4-ST1) (GalNAc4ST-1) (N-acetylgalactosamine-4-O-sulfotransferase 1),CHST8,424,ACMFSSILLFGAAGLLLFISL
Q9H2S6,TNMD_HUMAN,Tenomodulin (TeM) (hTeM) (Chondromodulin-1-like protein) (ChM1L) (hChM1L) (Chondromodulin-I-like protein) (Myodulin) (Tendin),TNMD CHM1L UNQ771/PRO1565,317,ICGLVFGILALTLIVLFWGS
Q9H2X3,CLC4M_HUMAN,C-type lectin domain family 4 member M (CD209 antigen-like protein 1) (DC-SIGN-related protein) (DC-SIGNR) (Dendritic cell-specific ICAM-3-grabbing non-integrin 2) (DC-SIGN2) (Liver/lymph node-specific ICAM-3-grabbing non-integrin) (L-SIGN) (CD antigen CD299),CLEC4M CD209L CD209L1 CD299,399,ALVLQLLSFMLLAGVLVAILV
Q9H3Q3,G3ST2_HUMAN,"Galactose-3-O-sulfotransferase 2 (Gal3ST-2) (EC 2.8.2.-) (Beta-galactose-3-O-sulfotransferase 2) (Gal-beta-1, 3-GalNAc 3'-sulfotransferase 2) (Glycoprotein beta-Gal 3'-sulfotransferase 2)",GAL3ST2 GP3ST,398,YFRVILLLLLALTLLLLAGFL
Q9H3R1,NDST4_HUMAN,Bifunctional heparan sulfate N-deacetylase/N-sulfotransferase 4 (EC 2.8.2.8) (Glucosaminyl N-deacetylase/N-sulfotransferase 4) (NDST-4) (N-heparan sulfate sulfotransferase 4) (N-HSST 4) [Includes: Heparan sulfate N-deacetylase 4 (EC 3.-.-.-); Heparan sulfate N-sulfotransferase 4 (EC 2.8.2.-)],NDST4 HSST4,872,LIVLLATFCLVSIVISAYFLY
Q9H3S3,TMPS5_HUMAN,Transmembrane protease serine 5 (EC 3.4.21.-) (Spinesin),TMPRSS5,457,AVLGALGLLAGAGVGSWLLVL
Q9H4F1,SIA7D_HUMAN,"Alpha-N-acetyl-neuraminyl-2,3-beta-galactosyl-1,3-N-acetyl-galactosaminide alpha-2,6-sialyltransferase (EC 2.4.99.7) (NeuAc-alpha-2,3-Gal-beta-1,3-GalNAc-alpha-2,6-sialyltransferase) (ST6GalNAc IV) (ST6GalNAcIV) (Sialyltransferase 3C) (SIAT3-C) (Sialyltransferase 7D) (SIAT7-D)",ST6GALNAC4 SIAT3C SIAT7D,302,LVLIILCSVVFSAVYILLCCW
Q9H7V2,SYNG1_HUMAN,Synapse differentiation-inducing gene protein 1 (SynDIG1) (Transmembrane protein 90B),SYNDIG1 C20orf39 TMEM90B,258,LGLSVFSMLCCFWPLGIAAFY
Q9HC10,OTOF_HUMAN,Otoferlin (Fer-1-like protein 2),OTOF FER1L2,1997,WLLLKLLLLLLLLLLLALFLY
Q9HCQ5,GALT9_HUMAN,Polypeptide N-acetylgalactosaminyltransferase 9 (EC 2.4.1.41) (Polypeptide GalNAc transferase 9) (GalNAc-T9) (pp-GaNTase 9) (Protein-UDP acetylgalactosaminyltransferase 9) (UDP-GalNAc:polypeptide N-acetylgalactosaminyltransferase 9),GALNT9,603,IRTLLTVNILVFVGIVLFSVYCR
Q9HDC9,APMAP_HUMAN,Adipocyte plasma membrane-associated protein (Protein BSCv),APMAP C20orf3 UNQ1869/PRO4305,416,VTFLMLAVSLTVPLLGAMMLL
Q9NNX6,CD209_HUMAN,CD209 antigen (C-type lectin domain family 4 member L) (Dendritic cell-specific ICAM-3-grabbing non-integrin 1) (DC-SIGN) (DC-SIGN1) (CD antigen CD209),CD209 CLEC4L,404,LGHGPLVLQLLSFTLLAGLLV
Q9NPC4,A4GAT_HUMAN,"Lactosylceramide 4-alpha-galactosyltransferase (EC 2.4.1.228) (Alpha-1,4-N-acetylglucosaminyltransferase) (Alpha-1,4-galactosyltransferase) (Alpha4Gal-T1) (CD77 synthase) (Globotriaosylceramide synthase) (Gb3 synthase) (P1/Pk synthase) (UDP-galactose:beta-D-galactosyl-beta1-R 4-alpha-D-galactosyltransferase)",A4GALT A14GALT A4GALT1,353,LFIIGFKFTFFVSIMIYWHVV
Q9NPF2,CHSTB_HUMAN,Carbohydrate sulfotransferase 11 (EC 2.8.2.5) (Chondroitin 4-O-sulfotransferase 1) (Chondroitin 4-sulfotransferase 1) (C4S-1) (C4ST-1) (C4ST1),CHST11,352,MVLATCLGSFILVIFYFQSML
Q9NPZ5,B3GA2_HUMAN,"Galactosylgalactosylxylosylprotein 3-beta-glucuronosyltransferase 2 (EC 2.4.1.135) (Beta-1,3-glucuronyltransferase 2) (GlcAT-D) (UDP-glucuronosyltransferase S) (GlcAT-S) (Glucuronosyltransferase S)",B3GAT2 GLCATS KIAA1963,323,SALFTRFFILLPWILIVIIML
Q9NQX7,ITM2C_HUMAN,Integral membrane protein 2C (Cerebral protein 14) (Transmembrane protein BRI3) [Cleaved into: CT-BRI3],ITM2C BRI3 hucep-14 NPD018 PSEC0047,267,VGGVCYLSMGMVVLLMGLVFA
Q9NR34,MA1C1_HUMAN,"Mannosyl-oligosaccharide 1,2-alpha-mannosidase IC (EC 3.2.1.113) (HMIC) (Mannosidase alpha class 1C member 1) (Processing alpha-1,2-mannosidase IC) (Alpha-1,2-mannosidase IC)",MAN1C1 MAN1A3 MAN1C,630,FLFLLFLSGLVTLCFGALFLL
Q9NR71,ASAH2_HUMAN,Neutral ceramidase (N-CDase) (NCDase) (EC 3.5.1.23) (Acylsphingosine deacylase 2) (BCDase) (LCDase) (hCD) (N-acylsphingosine amidohydrolase 2) (Non-lysosomal ceramidase) [Cleaved into: Neutral ceramidase soluble form],ASAH2 HNAC1,780,LIFLLVMMSAITVALLSLLFI
Q9NRB3,CHSTC_HUMAN,Carbohydrate sulfotransferase 12 (EC 2.8.2.5) (Chondroitin 4-O-sulfotransferase 2) (Chondroitin 4-sulfotransferase 2) (C4ST-2) (C4ST2) (Sulfotransferase Hlo),CHST12 UNQ500/PRO1017,414,LFRLWLVLGSVFMILLIIVYW
Q9NRQ2,PLS4_HUMAN,Phospholipid scramblase 4 (PL scramblase 4) (Ca(2+)-dependent phospholipid scramblase 4) (Cell growth-inhibiting gene 43 protein) (TRA1),PLSCR4 GIG43,329,MKAMIFGACFLIDFMYF
Q9NRS4,TMPS4_HUMAN,Transmembrane protease serine 4 (EC 3.4.21.-) (Channel-activating protease 2) (CAPH2) (Membrane-type serine protease 2) (MT-SP2),TMPRSS4 TMPRSS3 UNQ776/PRO1570,437,GIPIIIALLSLASIIIVVVLI
Q9NRY6,PLS3_HUMAN,Phospholipid scramblase 3 (PL scramblase 3) (Ca(2+)-dependent phospholipid scramblase 3),PLSCR3,295,VKAVLLGATFLIDYMFF
Q9NRY7,PLS2_HUMAN,Phospholipid scramblase 2 (PL scramblase 2) (Ca(2+)-dependent phospholipid scramblase 2),PLSCR2,224,MKAVMIGACFLIDYMFF
Q9NS00,C1GLT_HUMAN,"Glycoprotein-N-acetylgalactosamine 3-beta-galactosyltransferase 1 (EC 2.4.1.122) (B3Gal-T8) (Core 1 O-glycan T-synthase) (Core 1 UDP-galactose:N-acetylgalactosamine-alpha-R beta 1,3-galactosyltransferase 1) (Beta-1,3-galactosyltransferase) (Core 1 beta1,3-galactosyltransferase 1) (C1GalT1) (Core 1 beta3-Gal-T1)",C1GALT1,363,LNFLTFLCGSAIGFLLCSQLFSI
Q9NS84,CHST7_HUMAN,Carbohydrate sulfotransferase 7 (EC 2.8.2.-) (EC 2.8.2.17) (Chondroitin 6-sulfotransferase 2) (C6ST-2) (Galactose/N-acetylglucosamine/N-acetylglucosamine 6-O-sulfotransferase 5) (GST-5) (N-acetylglucosamine 6-O-sulfotransferase 4) (GlcNAc6ST-4) (Gn6st-4),CHST7,486,FALLLVLYTLVLLLVPSVLDG
Q9NSC7,SIA7A_HUMAN,"Alpha-N-acetylgalactosaminide alpha-2,6-sialyltransferase 1 (EC 2.4.99.3) (GalNAc alpha-2,6-sialyltransferase I) (ST6GalNAc I) (ST6GalNAcI) (Sialyltransferase 7A) (SIAT7-A)",ST6GALNAC1 SIAT7A UNQ543/PRO848,600,VQWSLLLAVLVFFLFALPSFI
Q9NST1,PLPL3_HUMAN,Patatin-like phospholipase domain-containing protein 3 (EC 3.1.1.3) (Acylglycerol O-acyltransferase) (EC 2.3.1.-) (Adiponutrin) (Calcium-independent phospholipase A2-epsilon) (iPLA2-epsilon),PNPLA3 ADPN C22orf20,481,MLFGASAGALHCVGVLSGIPL
Q9NT68,TEN2_HUMAN,Teneurin-2 (Ten-2) (Protein Odd Oz/ten-m homolog 2) (Tenascin-M2) (Ten-m2),ODZ2 KIAA1127 TNM2,2774,AIAAALLLAILLAYFIAMHLL
Q9NXG6,P4HTM_HUMAN,Transmembrane prolyl 4-hydroxylase (P4H-TM) (EC 1.14.11.-) (Hypoxia-inducible factor prolyl hydroxylase 4) (HIF-PH4) (HIF-prolyl hydroxylase 4) (HPH-4),P4HTM PH4,502,FLVLMVFVHLYLGNVLALLLF
Q9NY25,CLC5A_HUMAN,C-type lectin domain family 5 member A (C-type lectin superfamily member 5) (Myeloid DAP12-associating lectin 1) (MDL-1),CLEC5A CLECSF5 MDL1,188,MIISGLIVVVLKVVGMTLFLLYF
Q9NY28,GALT8_HUMAN,Probable polypeptide N-acetylgalactosaminyltransferase 8 (EC 2.4.1.41) (Polypeptide GalNAc transferase 8) (GalNAc-T8) (pp-GaNTase 8) (Protein-UDP acetylgalactosaminyltransferase 8) (UDP-GalNAc:polypeptide N-acetylgalactosaminyltransferase 8),GALNT8,637,LPKALFIGLTLAIAVNLLLVFSS
Q9NY97,B3GN2_HUMAN,"UDP-GlcNAc:betaGal beta-1,3-N-acetylglucosaminyltransferase 2 (BGnT-2) (Beta-1,3-Gn-T2) (Beta-1,3-N-acetylglucosaminyltransferase 2) (Beta3Gn-T2) (EC 2.4.1.-) (Beta-1,3-N-acetylglucosaminyltransferase 1) (BGnT-1) (Beta-1,3-Gn-T1) (Beta3Gn-T1) (Beta-1,3-galactosyltransferase 7) (Beta-1,3-GalTase 7) (Beta3Gal-T7) (Beta3GalT7) (b3Gal-T7) (Beta-3-Gx-T7) (UDP-Gal:beta-GlcNAc beta-1,3-galactosyltransferase 7) (UDP-galactose:beta-N-acetylglucosamine beta-1,3-galactosyltransferase 7)",B3GNT2 B3GALT7 B3GNT1,397,IKLLGILMMANVFIYFIMEVS
Q9NZ08,ERAP1_HUMAN,Endoplasmic reticulum aminopeptidase 1 (EC 3.4.11.-) (ARTS-1) (Adipocyte-derived leucine aminopeptidase) (A-LAP) (Aminopeptidase PILS) (Puromycin-insensitive leucyl-specific aminopeptidase) (PILS-AP) (Type 1 tumor necrosis factor receptor shedding aminopeptidase regulator),ERAP1 APPILS ARTS1 KIAA0525 UNQ584/PRO1154,941,VFLPLKWSLATMSFLLSSLL
Q9NZM1,MYOF_HUMAN,Myoferlin (Fer-1-like protein 3),MYOF FER1L3 KIAA1207,2061,WVIIGLLFLLILLLFVAVLLY
Q9NZS2,KLRF1_HUMAN,Killer cell lectin-like receptor subfamily F member 1 (Lectin-like receptor F1) (Activating coreceptor NKp80) (C-type lectin domain family 5 member C),KLRF1 CLEC5C ML,232,ILLGISGTVNGILTLTLISLI
Q9P109,GCNT4_HUMAN,"Beta-1,3-galactosyl-O-glycosyl-glycoprotein beta-1,6-N-acetylglucosaminyltransferase 4 (EC 2.4.1.102) (Core 2-branching enzyme 3) (Core2-GlcNAc-transferase 3) (C2GnT3)",GCNT4,453,QKVFILFLTLWLLSLLKLLNV
Q9P126,CLC1B_HUMAN,C-type lectin domain family 1 member B (C-type lectin-like receptor 2) (CLEC-2),CLEC1B CLEC2 UNQ721/PRO1384,229,ALILLILCVGMVVGLVALGIW
Q9P273,TEN3_HUMAN,Teneurin-3 (Ten-3) (Protein Odd Oz/ten-m homolog 3) (Tenascin-M3) (Ten-m3),ODZ3 KIAA1455 TNM3,2699,ALCAVGVSVLLAILLSYFIAM
Q9P2E5,CHPF2_HUMAN,Chondroitin sulfate glucuronyltransferase (EC 2.4.1.226) (CSGlcA-T) (Chondroitin glucuronyltransferase) (Chondroitin polymerizing factor 2) (ChPF-2) (Chondroitin synthase 3) (ChSy-3) (N-acetylgalactosaminyl-proteoglycan 3-beta-glucuronosyltransferase),CHPF2 CHSY3 CSGLCAT KIAA1402 UNQ299/PRO339,772,LALLRPALPLILGLSLGCSLSLL
Q9P2W7,B3GA1_HUMAN,"Galactosylgalactosylxylosylprotein 3-beta-glucuronosyltransferase 1 (EC 2.4.1.135) (Beta-1,3-glucuronyltransferase 1) (Glucuronosyltransferase P) (GlcAT-P) (UDP-GlcUA:glycoprotein beta-1,3-glucuronyltransferase) (GlcUAT-P)",B3GAT1 GLCATP,334,ILAIVLIVLPWTLLITVWHQS
Q9UBM8,MGT4C_HUMAN,"Alpha-1,3-mannosyl-glycoprotein 4-beta-N-acetylglucosaminyltransferase C (EC 2.4.1.145) (N-acetylglucosaminyltransferase IV homolog) (hGnT-IV-H) (N-glycosyl-oligosaccharide-glycoprotein N-acetylglucosaminyltransferase IVc) (GlcNAc-T IVc) (GnT-IVc) (N-acetylglucosaminyltransferase IVc) (UDP-N-acetylglucosamine: alpha-1,3-D-mannoside beta-1,4-N-acetylglucosaminyltransferase IVc)",MGAT4C,478,STVSFLGVLVIFLLFMNLYIE
Q9UBQ6,EXTL2_HUMAN,"Exostosin-like 2 (EC 2.4.1.223) (Alpha-1,4-N-acetylhexosaminyltransferase EXTL2) (Alpha-GalNAcT EXTL2) (EXT-related protein 2) (Glucuronyl-galactosyl-proteoglycan 4-alpha-N-acetylglucosaminyltransferase) [Cleaved into: Processed exostosin-like 2]",EXTL2 EXTR2,330,LVVILVLLLVAGALTALLPSV
Q9UBV7,B4GT7_HUMAN,"Beta-1,4-galactosyltransferase 7 (Beta-1,4-GalTase 7) (Beta4Gal-T7) (b4Gal-T7) (EC 2.4.1.-) (UDP-Gal:beta-GlcNAc beta-1,4-galactosyltransferase 7) (UDP-galactose:beta-N-acetylglucosamine beta-1,4-galactosyltransferase 7) [Includes: Xylosylprotein 4-beta-galactosyltransferase (EC 2.4.1.133) (Proteoglycan UDP-galactose:beta-xylose beta1,4-galactosyltransferase I) (UDP-galactose:beta-xylose beta-1,4-galactosyltransferase) (XGPT) (XGalT-1) (Xylosylprotein beta-1,4-galactosyltransferase)]",B4GALT7 XGALT1 UNQ748/PRO1478,327,VFHLFVACLSLGFFSLLWLQL
Q9UBX8,B4GT6_HUMAN,"Beta-1,4-galactosyltransferase 6 (Beta-1,4-GalTase 6) (Beta4Gal-T6) (b4Gal-T6) (EC 2.4.1.-) (UDP-Gal:beta-GlcNAc beta-1,4-galactosyltransferase 6) (UDP-galactose:beta-N-acetylglucosamine beta-1,4-galactosyltransferase 6) [Includes: Lactosylceramide synthase (LacCer synthase) (EC 2.4.1.-) (UDP-Gal:glucosylceramide beta-1,4-galactosyltransferase)]",B4GALT6,382,LLAFIFFFSLSSSCLYFIYVA
Q9UEW3,MARCO_HUMAN,Macrophage receptor MARCO (Macrophage receptor with collagenous structure) (Scavenger receptor class A member 2),MARCO SCARA2,520,FSLAVVVIYLILLTAGAGLLV
Q9UH99,SUN2_HUMAN,SUN domain-containing protein 2 (Protein unc-84 homolog B) (Rab5-interacting protein) (Rab5IP) (Sad1/unc-84 protein-like 2),SUN2 FRIGG KIAA0668 RAB5IP UNC84B,717,FLWFLLPLLLLTCLTYGAWYF
Q9UHP7,CLC2D_HUMAN,C-type lectin domain family 2 member D (Lectin-like NK cell receptor) (Lectin-like transcript 1) (LLT-1) (Osteoclast inhibitory lectin),CLEC2D CLAX LLT1 OCIL,191,FFLIMFLTIIVCGMVAALSAI
Q9UIQ6,LCAP_HUMAN,"Leucyl-cystinyl aminopeptidase (Cystinyl aminopeptidase) (EC 3.4.11.3) (Insulin-regulated membrane aminopeptidase) (Insulin-responsive aminopeptidase) (IRAP) (Oxytocinase) (OTase) (Placental leucine aminopeptidase) (P-LAP) [Cleaved into: Leucyl-cystinyl aminopeptidase, pregnancy serum form]",LNPEP OTASE,1025,MVVCAFVIVVAVSVIMVIYLL
Q9UIR0,BTNL2_HUMAN,Butyrophilin-like protein 2 (BTL-II),BTNL2,455,YNLSGAVASFLFILLTM
Q9UJ14,GGT7_HUMAN,Gamma-glutamyltransferase 7 (GGT 7) (EC 2.3.2.2) (Gamma-glutamyltransferase-like 3) (Gamma-glutamyltransferase-like 5) (Gamma-glutamyltranspeptidase 7) [Cleaved into: Gamma-glutamyltransferase 7 heavy chain; Gamma-glutamyltransferase 7 light chain],GGT7 GGTL3 GGTL5,662,LTVIVTACLTFATGVTVALVM
Q9UJ37,SIA7B_HUMAN,"Alpha-N-acetylgalactosaminide alpha-2,6-sialyltransferase 2 (EC 2.4.99.-) (GalNAc alpha-2,6-sialyltransferase II) (ST6GalNAc II) (ST6GalNAcII) (SThM) (Sialyltransferase 7B) (SIAT7-B)",ST6GALNAC2 SIAT7B SIATL1 STHM,374,FFWLLLLLTAACSGLLFALYF
Q9UJ71,CLC4K_HUMAN,C-type lectin domain family 4 member K (Langerin) (CD antigen CD207),CD207 CLEC4K,328,AALICLTLVLVASVLLQAVLY
Q9UKM7,MA1B1_HUMAN,"Endoplasmic reticulum mannosyl-oligosaccharide 1,2-alpha-mannosidase (EC 3.2.1.113) (ER alpha-1,2-mannosidase) (ER mannosidase 1) (ERMan1) (Man9GlcNAc2-specific-processing alpha-mannosidase) (Mannosidase alpha class 1B member 1)",MAN1B1 UNQ747/PRO1477,699,MILFLLAFLLFCGLLFYINLA
Q9UKU6,TRHDE_HUMAN,Thyrotropin-releasing hormone-degrading ectoenzyme (TRH-DE) (TRH-degrading ectoenzyme) (EC 3.4.19.6) (Pyroglutamyl-peptidase II) (PAP-II) (TRH-specific aminopeptidase) (Thyroliberinase),TRHDE UNQ2507/PRO5995,1024,VLAFAVSLVALLAVTMLAVLL
Q9UKZ4,TEN1_HUMAN,Teneurin-1 (Ten-1) (Protein Odd Oz/ten-m homolog 1) (Tenascin-M1) (Ten-m1),ODZ1 TNM1,2725,AITVTLALLLAYVIAVHLFGL
Q9UL52,TM11E_HUMAN,Transmembrane protease serine 11E (EC 3.4.21.-) (Serine protease DESC1) (Transmembrane protease serine 11E2) [Cleaved into: Transmembrane protease serine 11E non-catalytic chain; Transmembrane protease serine 11E catalytic chain],TMPRSS11E DESC1 TMPRSS11E2 UNQ742/PRO1461,423,VIGLVIFISLIVLAVCIGLTV
Q9ULG6,CCPG1_HUMAN,Cell cycle progression protein 1 (Cell cycle progression restoration protein 8),CCPG1 CCP8 CPR8 KIAA1254,757,CVILALVIAISMGFGHFYGTI
Q9ULY5,CLC4E_HUMAN,C-type lectin domain family 4 member E (C-type lectin superfamily member 9) (Macrophage-inducible C-type lectin),CLEC4E CLECSF9 MINCLE UNQ218/PRO244,219,QMFLWTVAGIPILFLSACFIT
Q9UM21,MGT4A_HUMAN,"Alpha-1,3-mannosyl-glycoprotein 4-beta-N-acetylglucosaminyltransferase A (EC 2.4.1.145) (N-glycosyl-oligosaccharide-glycoprotein N-acetylglucosaminyltransferase IVa) (GlcNAc-T IVa) (GnT-IVa) (N-acetylglucosaminyltransferase IVa) (UDP-N-acetylglucosamine: alpha-1,3-D-mannoside beta-1,4-N-acetylglucosaminyltransferase IVa) [Cleaved into: Alpha-1,3-mannosyl-glycoprotein 4-beta-N-acetylglucosaminyltransferase A soluble form]",MGAT4A,535,NGTVATALAFITSFLTLSWYTTW
Q9UMD9,COHA1_HUMAN,Collagen alpha-1(XVII) chain (180 kDa bullous pemphigoid antigen 2) (Bullous pemphigoid antigen 2) [Cleaved into: 120 kDa linear IgA disease antigen (120 kDa linear IgA dermatosis antigen) (Linear IgA disease antigen 1) (LAD-1); 97 kDa linear IgA disease antigen (97 kDa linear IgA bullous dermatosis antigen) (97 kDa LAD antigen) (97-LAD) (Linear IgA bullous disease antigen of 97 kDa) (LABD97)],COL17A1 BP180 BPAG2,1497,LLGLLLTWLLLLGLLFGLIAL
Q9UMR7,CLC4A_HUMAN,C-type lectin domain family 4 member A (C-type lectin DDB27) (C-type lectin superfamily member 6) (Dendritic cell immunoreceptor) (Lectin-like immunoreceptor),CLEC4A CLECSF6 DCIR LLIR HDCGC13P,237,SLLIFFLLLAISFFIAFVIFF
Q9UN42,AT1B4_HUMAN,"Protein ATP1B4 (X,K-ATPase subunit beta-m) (X/potassium-transporting ATPase subunit beta-m)",ATP1B4,357,LILLIYFFFYASLAAVITLCM
Q9UNA3,A4GCT_HUMAN,"Alpha-1,4-N-acetylglucosaminyltransferase (Alpha4GnT) (EC 2.4.1.-)",A4GNT,340,LQLSLSVTLLLVCGFLYQFTL
Q9UNG2,TNF18_HUMAN,Tumor necrosis factor ligand superfamily member 18 (Activation-inducible TNF-related ligand) (AITRL) (Glucocorticoid-induced TNF-related ligand) (hGITRL),TNFSF18 AITRL GITRL TL6 UNQ149/PRO175,199,FCSIVMLLFLCSFSWLIFIFL
Q9UNP4,SIAT9_HUMAN,"Lactosylceramide alpha-2,3-sialyltransferase (EC 2.4.99.9) (CMP-NeuAc:lactosylceramide alpha-2,3-sialyltransferase) (Ganglioside GM3 synthase) (ST3Gal V) (ST3GalV) (Sialyltransferase 9)",ST3GAL5 SIAT9 UNQ2510/PRO5998,418,LLLKDILKCTLLVFGVWILYI
Q9UP52,TFR2_HUMAN,Transferrin receptor protein 2 (TfR2),TFR2,801,YLVLTALLIFTGAFLLGYVAF
Q9UQ53,MGT4B_HUMAN,"Alpha-1,3-mannosyl-glycoprotein 4-beta-N-acetylglucosaminyltransferase B (EC 2.4.1.145) (N-glycosyl-oligosaccharide-glycoprotein N-acetylglucosaminyltransferase IVb) (GlcNAc-T IVb) (GnT-IVb) (N-acetylglucosaminyltransferase IVb) (UDP-N-acetylglucosamine: alpha-1,3-D-mannoside beta-1,4-N-acetylglucosaminyltransferase IVb)",MGAT4B UNQ906/PRO1927,548,FLTLLLFCLCAFLSLSWYAAL
Q9UQQ1,NALDL_HUMAN,N-acetylated-alpha-linked acidic dipeptidase-like protein (NAALADase L) (EC 3.4.17.21) (100 kDa ileum brush border membrane protein) (I100) (Ileal dipeptidylpeptidase),NAALADL1 NAALADASEL NAALADL,740,LGLGLGAAALLGLGIILGHFAI
Q9Y231,FUT9_HUMAN,"Alpha-(1,3)-fucosyltransferase (EC 2.4.1.-) (Fucosyltransferase 9) (Fucosyltransferase IX) (Fuc-TIX) (FucT-IX) (Galactoside 3-L-fucosyltransferase)",FUT9,359,FLIVCIILGCFMACLLIYIKP
Q9Y274,SIA10_HUMAN,"Type 2 lactosamine alpha-2,3-sialyltransferase (EC 2.4.99.-) (CMP-NeuAc:beta-galactoside alpha-2,3-sialyltransferase VI) (ST3Gal VI) (ST3GalVI) (Sialyltransferase 10)",ST3GAL6 SIAT10,331,LVAIFLSAVFLYYVLHCILWG
Q9Y275,TN13B_HUMAN,"Tumor necrosis factor ligand superfamily member 13B (B lymphocyte stimulator) (BLyS) (B-cell-activating factor) (BAFF) (Dendritic cell-derived TNF-like molecule) (TNF- and APOL-related leukocyte expressed ligand 1) (TALL-1) (CD antigen CD257) [Cleaved into: Tumor necrosis factor ligand superfamily member 13b, membrane form; Tumor necrosis factor ligand superfamily member 13b, soluble form]",TNFSF13B BAFF BLYS TALL1 TNFSF20 ZTNF4 UNQ401/PRO738,285,LLAATLLLALLSCCLTVVSFY
Q9Y278,HS3S2_HUMAN,Heparan sulfate glucosamine 3-O-sulfotransferase 2 (EC 2.8.2.29) (Heparan sulfate D-glucosaminyl 3-O-sulfotransferase 2) (3-OST-2) (Heparan sulfate 3-O-sulfotransferase 2) (h3-OST-2),HS3ST2 3OST2 UNQ2442/PRO5004,367,LLFAFTLSLSCTYLCYSFLC
Q9Y287,ITM2B_HUMAN,Integral membrane protein 2B (Protein E25B) (Transmembrane protein BRI) [Cleaved into: ABri/ADan amyloid peptide],ITM2B BRI BRI2,266,WCMCFGLAFMLAGVILGGAYL
Q9Y2A9,B3GN3_HUMAN,"UDP-GlcNAc:betaGal beta-1,3-N-acetylglucosaminyltransferase 3 (BGnT-3) (Beta-1,3-Gn-T3) (Beta-1,3-N-acetylglucosaminyltransferase 3) (Beta3Gn-T3) (EC 2.4.1.-) (Beta-1,3-galactosyltransferase 8) (Beta-1,3-GalTase 8) (Beta3Gal-T8) (Beta3GalT8) (b3Gal-T8) (Beta-3-Gx-T8) (Core 1 extending beta-1,3-N-acetylglucosaminyltransferase) (Core1-beta3GlcNAcT) (UDP-Gal:beta-GlcNAc beta-1,3-galactosyltransferase 8) (UDP-galactose:beta-N-acetylglucosamine beta-1,3-galactosyltransferase 8)",B3GNT3 B3GALT8 TMEM3 UNQ637/PRO1266,372,ATLILAIGAFTLLLFSLLVSP
Q9Y2B1,TMEM5_HUMAN,Transmembrane protein 5,TMEM5,443,SFLIALYCLFSLYAAYHVFFG
Q9Y2C2,UST_HUMAN,Uronyl 2-sulfotransferase (EC 2.8.2.-),UST DS2ST,406,FCMATLLVFCLGSLLYQLSGG
Q9Y2C3,B3GT5_HUMAN,"Beta-1,3-galactosyltransferase 5 (Beta-1,3-GalTase 5) (Beta3Gal-T5) (Beta3GalT5) (b3Gal-T5) (EC 2.4.1.-) (Beta-3-Gx-T5) (UDP-Gal:beta-GlcNAc beta-1,3-galactosyltransferase 5) (UDP-galactose:beta-N-acetylglucosamine beta-1,3-galactosyltransferase 5)",B3GALT5,310,LMYICLLVLGALCLYFSMYSL
Q9Y328,NSG2_HUMAN,Neuron-specific protein family member 2 (Protein p19) (Hmp19),NSG2,171,VTILVSLALAFLACIVFLVVY
Q9Y3Q0,NALD2_HUMAN,N-acetylated-alpha-linked acidic dipeptidase 2 (EC 3.4.17.21) (Glutamate carboxypeptidase III) (GCPIII) (N-acetylated-alpha-linked acidic dipeptidase II) (NAALADase II),NAALAD2,740,LYLWMCLAAALASFLMGFMVGWFI
Q9Y4C5,CHST2_HUMAN,Carbohydrate sulfotransferase 2 (EC 2.8.2.-) (Galactose/N-acetylglucosamine/N-acetylglucosamine 6-O-sulfotransferase 2) (GST-2) (N-acetylglucosamine 6-O-sulfotransferase 1) (GlcNAc6ST-1) (Gn6ST-1),CHST2 GN6ST,530,ALVLCAGYALLLVLTMLNLLD
Q9Y5Q5,CORIN_HUMAN,"Atrial natriuretic peptide-converting enzyme (EC 3.4.21.-) (Corin) (Heart-specific serine proteinase ATC2) (Pro-ANP-converting enzyme) (Transmembrane protease serine 10) [Cleaved into: Atrial natriuretic peptide-converting enzyme, N-terminal propeptide; Atrial natriuretic peptide-converting enzyme, activated protease fragment]",CORIN CRN TMPRSS10,1042,FLLLVLIPCICALVLLLVILL
Q9Y5Y6,ST14_HUMAN,Suppressor of tumorigenicity 14 protein (EC 3.4.21.109) (Matriptase) (Membrane-type serine protease 1) (MT-SP1) (Prostamin) (Serine protease 14) (Serine protease TADG-15) (Tumor-associated differentially-expressed gene 15 protein),ST14 PRSS14 SNC19 TADG15,855,VVLAAVLIGLLLVLLGIGFLV
Q9Y5Z6,B3GT1_HUMAN,"Beta-1,3-galactosyltransferase 1 (Beta-1,3-GalTase 1) (Beta3Gal-T1) (Beta3GalT1) (EC 2.4.1.-) (UDP-galactose:beta-N-acetyl-glucosamine-beta-1,3-galactosyltransferase 1)",B3GALT1,326,CLYVLTVVCWASALWYLSIT
Q9Y644,RFNG_HUMAN,"Beta-1,3-N-acetylglucosaminyltransferase radical fringe (EC 2.4.1.222) (O-fucosylpeptide 3-beta-N-acetylglucosaminyltransferase)",RFNG,331,ALCRACLALAAALAALLLLPLPL
Q9Y661,HS3S4_HUMAN,Heparan sulfate glucosamine 3-O-sulfotransferase 4 (EC 2.8.2.23) (Heparan sulfate D-glucosaminyl 3-O-sulfotransferase 4) (3-OST-4) (Heparan sulfate 3-O-sulfotransferase 4) (h3-OST-4),HS3ST4 3OST4,456,LLFMCTLSLSVTYLCYSLLGGSGSL
Q9Y662,HS3SB_HUMAN,Heparan sulfate glucosamine 3-O-sulfotransferase 3B1 (EC 2.8.2.30) (Heparan sulfate D-glucosaminyl 3-O-sulfotransferase 3B1) (3-OST-3B) (Heparan sulfate 3-O-sulfotransferase 3B1) (h3-OST-3B),HS3ST3B1 3OST3B1 HS3ST3B,390,LALLFAMLCVWLYMFLYSCAG
Q9Y663,HS3SA_HUMAN,Heparan sulfate glucosamine 3-O-sulfotransferase 3A1 (EC 2.8.2.30) (Heparan sulfate D-glucosaminyl 3-O-sulfotransferase 3A1) (3-OST-3A) (Heparan sulfate 3-O-sulfotransferase 3A1) (h3-OST-3A),HS3ST3A1 3OST3A1 HS3ST3A UNQ2551/PRO6180,406,FLLMLCSLLTSLYVFYCLA
Q9Y673,ALG5_HUMAN,Dolichyl-phosphate beta-glucosyltransferase (DolP-glucosyltransferase) (EC 2.4.1.117) (Asparagine-linked glycosylation protein 5 homolog),ALG5 HSPC149,324,LAVLGAALAAAALVLISIVAF